Id,IndicatorCode,SpatialDimType,SpatialDim,ParentLocationCode,TimeDimType,ParentLocation,Dim1Type,Dim1,TimeDim,Dim2Type,Dim2,Dim3Type,Dim3,DataSourceDimType,DataSourceDim,Value,NumericValue,Low,High,Comments,Date,TimeDimensionValue,TimeDimensionBegin,TimeDimensionEnd
8755545,MDG_0000000003,COUNTRY,KOR,WPR,YEAR,Western Pacific,SEX,SEX_FMLE,2014,AGEGROUP,AGEGROUP_YEARS15-19,,,,,1.6,1.600000024,,,Registration National Statistics,2025-05-06T16:35:10.26+02:00,2014,2014-01-01T00:00:00+01:00,2014-12-31T00:00:00+01:00
8788280,MDG_0000000003,COUNTRY,THA,SEAR,YEAR,South-East Asia,SEX,SEX_FMLE,2022,AGEGROUP,AGEGROUP_YEARS15-19,,,,,18.0,18.0,,,Thailand 2022 Multiple Indicator Cluster Survey,2025-05-06T16:35:10.26+02:00,2022,2022-01-01T00:00:00+01:00,2022-12-31T00:00:00+01:00
8797819,MDG_0000000003,COUNTRY,CHL,AMR,YEAR,Americas,SEX,SEX_FMLE,2021,AGEGROUP,AGEGROUP_YEARS15-19,,,,,11.8,11.79072094,,,Registration National Statistics & WPP2024,2025-05-06T16:35:10.26+02:00,2021,2021-01-01T00:00:00+01:00,2021-12-31T00:00:00+01:00
8800046,MDG_0000000003,COUNTRY,BRA,AMR,YEAR,Americas,SEX,SEX_FMLE,2013,AGEGROUP,AGEGROUP_YEARS10-14,,,,,3.5,3.469154596,,,Registration National Statistics & WPP2024,2025-05-06T16:35:10.26+02:00,2013,2013-01-01T00:00:00+01:00,2013-12-31T00:00:00+01:00
8809543,MDG_0000000003,COUNTRY,COL,AMR,YEAR,Americas,SEX,SEX_FMLE,2023,AGEGROUP,AGEGROUP_YEARS10-14,,,,,2.1,2.101558447,,,Registration National Statistics & WPP2024,2025-05-06T16:35:10.26+02:00,2023,2023-01-01T00:00:00+01:00,2023-12-31T00:00:00+01:00
8811561,MDG_0000000003,COUNTRY,ZAF,AFR,YEAR,Africa,SEX,SEX_FMLE,2015,AGEGROUP,AGEGROUP_YEARS10-14,,,,,1.0,1.0,,,South Africa 2016 Demographic and Health Survey,2025-05-06T16:35:10.26+02:00,2015,2015-01-01T00:00:00+01:00,2015-12-31T00:00:00+01:00
8828672,MDG_0000000003,COUNTRY,BGD,SEAR,YEAR,South-East Asia,SEX,SEX_FMLE,2016,AGEGROUP,AGEGROUP_YEARS15-19,,,,,89.1,89.06990051,,,Bangladesh 2019 Multiple Indicator Cluster Survey,2025-05-06T16:35:10.26+02:00,2016,2016-01-01T00:00:00+01:00,2016-12-31T00:00:00+01:00
8849781,MDG_0000000003,COUNTRY,TUR,EUR,YEAR,Europe,SEX,SEX_FMLE,2017,AGEGROUP,AGEGROUP_YEARS15-19,,,,,21.7,21.72999954,,,Registration Eurostat,2025-05-06T16:35:10.26+02:00,2017,2017-01-01T00:00:00+01:00,2017-12-31T00:00:00+01:00
8856262,MDG_0000000003,COUNTRY,UGA,AFR,YEAR,Africa,SEX,SEX_FMLE,2010,AGEGROUP,AGEGROUP_YEARS15-19,,,,,134.5,134.4827118,,,Uganda 2011 Demographic and Health Survey,2025-05-06T16:35:10.26+02:00,2010,2010-01-01T00:00:00+01:00,2010-12-31T00:00:00+01:00
8856355,MDG_0000000003,COUNTRY,KEN,AFR,YEAR,Africa,SEX,SEX_FMLE,2018,AGEGROUP,AGEGROUP_YEARS15-19,,,,,75.2,75.18759918,,,Kenya 2020 Malaria Indicators Survey,2025-05-06T16:35:10.26+02:00,2018,2018-01-01T00:00:00+01:00,2018-12-31T00:00:00+01:00
8857483,MDG_0000000003,COUNTRY,GHA,AFR,YEAR,Africa,SEX,SEX_FMLE,2016,AGEGROUP,AGEGROUP_YEARS15-19,,,,,75.1,75.05596924,,,Ghana 2017 Maternal Health Survey,2025-05-06T16:35:10.26+02:00,2016,2016-01-01T00:00:00+01:00,2016-12-31T00:00:00+01:00
8871475,MDG_0000000003,COUNTRY,SGP,WPR,YEAR,Western Pacific,SEX,SEX_FMLE,2010,AGEGROUP,AGEGROUP_YEARS10-14,,,,,0.1,0.064686619,,,Registration National Statistics & WPP2024,2025-05-06T16:35:10.26+02:00,2010,2010-01-01T00:00:00+01:00,2010-12-31T00:00:00+01:00
8935021,MDG_0000000003,COUNTRY,COL,AMR,YEAR,Americas,SEX,SEX_FMLE,2023,AGEGROUP,AGEGROUP_YEARS15-19,,,,,39.4,39.38918304,,,Registration National Statistics & WPP2024,2025-05-06T16:35:10.26+02:00,2023,2023-01-01T00:00:00+01:00,2023-12-31T00:00:00+01:00
8940678,MDG_0000000003,COUNTRY,COL,AMR,YEAR,Americas,SEX,SEX_FMLE,2013,AGEGROUP,AGEGROUP_YEARS10-14,,,,,2.8,2.758379698,,,Colombia 2015 Demographic and Health Survey,2025-05-06T16:35:10.26+02:00,2013,2013-01-01T00:00:00+01:00,2013-12-31T00:00:00+01:00
8945078,MDG_0000000003,COUNTRY,PAK,EMR,YEAR,Eastern Mediterranean,SEX,SEX_FMLE,2010,AGEGROUP,AGEGROUP_YEARS15-19,,,,,48.1,48.13777542,,,Pakistan 2012-2013 Demographic and Health Survey,2025-05-06T16:35:10.26+02:00,2010,2010-01-01T00:00:00+01:00,2010-12-31T00:00:00+01:00
8957101,MDG_0000000003,COUNTRY,TUR,EUR,YEAR,Europe,SEX,SEX_FMLE,2014,AGEGROUP,AGEGROUP_YEARS15-19,,,,,26.9,26.88999939,,,Registration Eurostat,2025-05-06T16:35:10.26+02:00,2014,2014-01-01T00:00:00+01:00,2014-12-31T00:00:00+01:00
8977300,MDG_0000000003,COUNTRY,SGP,WPR,YEAR,Western Pacific,SEX,SEX_FMLE,2019,AGEGROUP,AGEGROUP_YEARS15-19,,,,,2.4,2.40712595,,,Registration National Statistics & WPP2024,2025-05-06T16:35:10.26+02:00,2019,2019-01-01T00:00:00+01:00,2019-12-31T00:00:00+01:00
8985272,MDG_0000000003,COUNTRY,IND,SEAR,YEAR,South-East Asia,SEX,SEX_FMLE,2014,AGEGROUP,AGEGROUP_YEARS10-14,,,,,0,0.0,,,India 2015-2016 Demographic and Health Survey,2025-05-06T16:35:10.26+02:00,2014,2014-01-01T00:00:00+01:00,2014-12-31T00:00:00+01:00
8996053,MDG_0000000003,COUNTRY,POL,EUR,YEAR,Europe,SEX,SEX_FMLE,2018,AGEGROUP,AGEGROUP_YEARS15-19,,,,,10.3,10.30000019,,,Registration Eurostat,2025-05-06T16:35:10.26+02:00,2018,2018-01-01T00:00:00+01:00,2018-12-31T00:00:00+01:00
9007222,MDG_0000000003,COUNTRY,COL,AMR,YEAR,Americas,SEX,SEX_FMLE,2012,AGEGROUP,AGEGROUP_YEARS15-19,,,,,73.8,73.83346558,,,Registration National Statistics & WPP2024,2025-05-06T16:35:10.26+02:00,2012,2012-01-01T00:00:00+01:00,2012-12-31T00:00:00+01:00
9066401,MDG_0000000003,COUNTRY,MDG,AFR,YEAR,Africa,SEX,SEX_FMLE,2019,AGEGROUP,AGEGROUP_YEARS15-19,,,,,143.0,143.014328,,,Madagascar 2021 Demographic and Health Survey,2025-05-06T16:35:10.26+02:00,2019,2019-01-01T00:00:00+01:00,2019-12-31T00:00:00+01:00
9067522,MDG_0000000003,COUNTRY,COL,AMR,YEAR,Americas,SEX,SEX_FMLE,2015,AGEGROUP,AGEGROUP_YEARS10-14,,,,,3.0,3.016793013,,,Registration National Statistics & WPP2024,2025-05-06T16:35:10.26+02:00,2015,2015-01-01T00:00:00+01:00,2015-12-31T00:00:00+01:00
9068517,MDG_0000000003,COUNTRY,BRA,AMR,YEAR,Americas,SEX,SEX_FMLE,2015,AGEGROUP,AGEGROUP_YEARS10-14,,,,,3.4,3.432485104,,,Registration National Statistics & WPP2024,2025-05-06T16:35:10.26+02:00,2015,2015-01-01T00:00:00+01:00,2015-12-31T00:00:00+01:00
9074019,MDG_0000000003,COUNTRY,PAK,EMR,YEAR,Eastern Mediterranean,SEX,SEX_FMLE,2010,AGEGROUP,AGEGROUP_YEARS10-14,,,,,0.4,0.361072063,,,Pakistan 2012-2013 Demographic and Health Survey,2025-05-06T16:35:10.26+02:00,2010,2010-01-01T00:00:00+01:00,2010-12-31T00:00:00+01:00
9156257,MDG_0000000003,COUNTRY,RWA,AFR,YEAR,Africa,SEX,SEX_FMLE,2015,AGEGROUP,AGEGROUP_YEARS10-14,,,,,0.3,0.292384982,,,Rwanda 2019-2020 Demographic and Health Survey,2025-05-06T16:35:10.26+02:00,2015,2015-01-01T00:00:00+01:00,2015-12-31T00:00:00+01:00
9202261,MDG_0000000003,COUNTRY,CHN,WPR,YEAR,Western Pacific,SEX,SEX_FMLE,2013,AGEGROUP,AGEGROUP_YEARS15-19,,,,,7.8,7.840000153,,,China 2013 Annual Population Change Survey (1‰ Survey),2025-05-06T16:35:10.26+02:00,2013,2013-01-01T00:00:00+01:00,2013-12-31T00:00:00+01:00
9202937,MDG_0000000003,COUNTRY,COL,AMR,YEAR,Americas,SEX,SEX_FMLE,2017,AGEGROUP,AGEGROUP_YEARS15-19,,,,,62.2,62.20989227,,,Registration National Statistics & WPP2024,2025-05-06T16:35:10.26+02:00,2017,2017-01-01T00:00:00+01:00,2017-12-31T00:00:00+01:00
9271819,MDG_0000000003,COUNTRY,COL,AMR,YEAR,Americas,SEX,SEX_FMLE,2022,AGEGROUP,AGEGROUP_YEARS10-14,,,,,2.3,2.292996168,,,Registration National Statistics & WPP2024,2025-05-06T16:35:10.26+02:00,2022,2022-01-01T00:00:00+01:00,2022-12-31T00:00:00+01:00
9313496,MDG_0000000003,COUNTRY,AFG,EMR,YEAR,Eastern Mediterranean,SEX,SEX_FMLE,2011,AGEGROUP,AGEGROUP_YEARS15-19,,,,,107.5,107.4911346,,,Afghanistan 2015 Demographic and Health Survey,2025-05-06T16:35:10.26+02:00,2011,2011-01-01T00:00:00+01:00,2011-12-31T00:00:00+01:00
9313524,MDG_0000000003,COUNTRY,KOR,WPR,YEAR,Western Pacific,SEX,SEX_FMLE,2015,AGEGROUP,AGEGROUP_YEARS10-14,,,,,0,0.0,,,Registration National Statistics & WPP2024,2025-05-06T16:35:10.26+02:00,2015,2015-01-01T00:00:00+01:00,2015-12-31T00:00:00+01:00
9333160,MDG_0000000003,COUNTRY,BGD,SEAR,YEAR,South-East Asia,SEX,SEX_FMLE,2010,AGEGROUP,AGEGROUP_YEARS15-19,,,,,118.3,118.2613983,,,Bangladesh 2011 Demographic and Health Survey,2025-05-06T16:35:10.26+02:00,2010,2010-01-01T00:00:00+01:00,2010-12-31T00:00:00+01:00
9333283,MDG_0000000003,COUNTRY,SGP,WPR,YEAR,Western Pacific,SEX,SEX_FMLE,2020,AGEGROUP,AGEGROUP_YEARS10-14,,,,,0.1,0.051890947,,,Registration National Statistics & WPP2024,2025-05-06T16:35:10.26+02:00,2020,2020-01-01T00:00:00+01:00,2020-12-31T00:00:00+01:00
9346764,MDG_0000000003,COUNTRY,JPN,WPR,YEAR,Western Pacific,SEX,SEX_FMLE,2013,AGEGROUP,AGEGROUP_YEARS10-14,,,,,0,0.0,,,Registration National Statistics & WPP2024,2025-05-06T16:35:10.26+02:00,2013,2013-01-01T00:00:00+01:00,2013-12-31T00:00:00+01:00
9356271,MDG_0000000003,COUNTRY,KOR,WPR,YEAR,Western Pacific,SEX,SEX_FMLE,2012,AGEGROUP,AGEGROUP_YEARS15-19,,,,,1.8,1.799999952,,,Registration National Statistics,2025-05-06T16:35:10.26+02:00,2012,2012-01-01T00:00:00+01:00,2012-12-31T00:00:00+01:00
9428090,MDG_0000000003,COUNTRY,TUR,EUR,YEAR,Europe,SEX,SEX_FMLE,2016,AGEGROUP,AGEGROUP_YEARS15-19,,,,,23.6,23.59000015,,,Registration Eurostat,2025-05-06T16:35:10.26+02:00,2016,2016-01-01T00:00:00+01:00,2016-12-31T00:00:00+01:00
9447310,MDG_0000000003,COUNTRY,PHL,WPR,YEAR,Western Pacific,SEX,SEX_FMLE,2011,AGEGROUP,AGEGROUP_YEARS10-14,,,,,0.6,0.632295728,,,Philippines 2013 Demographic and Health Survey,2025-05-06T16:35:10.26+02:00,2011,2011-01-01T00:00:00+01:00,2011-12-31T00:00:00+01:00
9460490,MDG_0000000003,COUNTRY,GHA,AFR,YEAR,Africa,SEX,SEX_FMLE,2012,AGEGROUP,AGEGROUP_YEARS15-19,,,,,73.3,73.27622223,,,Ghana 2014 Demographic and Health Survey,2025-05-06T16:35:10.26+02:00,2012,2012-01-01T00:00:00+01:00,2012-12-31T00:00:00+01:00
9469026,MDG_0000000003,COUNTRY,COL,AMR,YEAR,Americas,SEX,SEX_FMLE,2019,AGEGROUP,AGEGROUP_YEARS10-14,,,,,2.5,2.50464654,,,Registration National Statistics & WPP2024,2025-05-06T16:35:10.26+02:00,2019,2019-01-01T00:00:00+01:00,2019-12-31T00:00:00+01:00
9480015,MDG_0000000003,COUNTRY,EGY,EMR,YEAR,Eastern Mediterranean,SEX,SEX_FMLE,2019,AGEGROUP,AGEGROUP_YEARS15-19,,,,,46.9,46.90000153,,,Registration National Statistics,2025-05-06T16:35:10.26+02:00,2019,2019-01-01T00:00:00+01:00,2019-12-31T00:00:00+01:00
9541395,MDG_0000000003,COUNTRY,POL,EUR,YEAR,Europe,SEX,SEX_FMLE,2016,AGEGROUP,AGEGROUP_YEARS15-19,,,,,11.9,11.94999981,,,Registration Eurostat,2025-05-06T16:35:10.26+02:00,2016,2016-01-01T00:00:00+01:00,2016-12-31T00:00:00+01:00
9553022,MDG_0000000003,COUNTRY,CHL,AMR,YEAR,Americas,SEX,SEX_FMLE,2013,AGEGROUP,AGEGROUP_YEARS10-14,,,,,1.5,1.484127641,,,Registration National Statistics & WPP2024,2025-05-06T16:35:10.26+02:00,2013,2013-01-01T00:00:00+01:00,2013-12-31T00:00:00+01:00
9556450,MDG_0000000003,COUNTRY,KEN,AFR,YEAR,Africa,SEX,SEX_FMLE,2019,AGEGROUP,AGEGROUP_YEARS15-19,,,,,51.0,51.00730133,,,Registration National Statistics & WPP2024,2025-05-06T16:35:10.26+02:00,2019,2019-01-01T00:00:00+01:00,2019-12-31T00:00:00+01:00
9574065,MDG_0000000003,COUNTRY,KOR,WPR,YEAR,Western Pacific,SEX,SEX_FMLE,2016,AGEGROUP,AGEGROUP_YEARS10-14,,,,,0,0.0,,,Registration National Statistics & WPP2024,2025-05-06T16:35:10.26+02:00,2016,2016-01-01T00:00:00+01:00,2016-12-31T00:00:00+01:00
9587803,MDG_0000000003,COUNTRY,RWA,AFR,YEAR,Africa,SEX,SEX_FMLE,2013,AGEGROUP,AGEGROUP_YEARS10-14,,,,,0.8,0.755602539,,,Rwanda 2014-2015 Demographic and Health Survey,2025-05-06T16:35:10.26+02:00,2013,2013-01-01T00:00:00+01:00,2013-12-31T00:00:00+01:00
9598156,MDG_0000000003,COUNTRY,MEX,AMR,YEAR,Americas,SEX,SEX_FMLE,2016,AGEGROUP,AGEGROUP_YEARS10-14,,,,,1.2,1.175381184,,,Registration National Statistics & WPP2024,2025-05-06T16:35:10.26+02:00,2016,2016-01-01T00:00:00+01:00,2016-12-31T00:00:00+01:00
9604203,MDG_0000000003,COUNTRY,MEX,AMR,YEAR,Americas,SEX,SEX_FMLE,2019,AGEGROUP,AGEGROUP_YEARS15-19,,,,,49.3,49.31755829,,,Registration National Statistics & WPP2024,2025-05-06T16:35:10.26+02:00,2019,2019-01-01T00:00:00+01:00,2019-12-31T00:00:00+01:00
9626686,MDG_0000000003,COUNTRY,POL,EUR,YEAR,Europe,SEX,SEX_FMLE,2017,AGEGROUP,AGEGROUP_YEARS10-14,,,,,0.1,0.050000001,,,Registration Eurostat,2025-05-06T16:35:10.26+02:00,2017,2017-01-01T00:00:00+01:00,2017-12-31T00:00:00+01:00
9655155,MDG_0000000003,COUNTRY,ZAF,AFR,YEAR,Africa,SEX,SEX_FMLE,2011,AGEGROUP,AGEGROUP_YEARS15-19,,,,,70.6,70.64700317,,,South Africa 2011 Census,2025-05-06T16:35:10.26+02:00,2011,2011-01-01T00:00:00+01:00,2011-12-31T00:00:00+01:00
9722159,MDG_0000000003,COUNTRY,SGP,WPR,YEAR,Western Pacific,SEX,SEX_FMLE,2013,AGEGROUP,AGEGROUP_YEARS10-14,,,,,0.1,0.070270851,,,Registration National Statistics & WPP2024,2025-05-06T16:35:10.26+02:00,2013,2013-01-01T00:00:00+01:00,2013-12-31T00:00:00+01:00
9730517,MDG_0000000003,COUNTRY,SGP,WPR,YEAR,Western Pacific,SEX,SEX_FMLE,2018,AGEGROUP,AGEGROUP_YEARS15-19,,,,,2.2,2.167298317,,,Registration National Statistics & WPP2024,2025-05-06T16:35:10.26+02:00,2018,2018-01-01T00:00:00+01:00,2018-12-31T00:00:00+01:00
9903188,MDG_0000000003,COUNTRY,KEN,AFR,YEAR,Africa,SEX,SEX_FMLE,2023,AGEGROUP,AGEGROUP_YEARS10-14,,,,,0.6,0.618875146,,,Registration National Statistics & WPP2024,2025-05-06T16:35:10.26+02:00,2023,2023-01-01T00:00:00+01:00,2023-12-31T00:00:00+01:00
9906231,MDG_0000000003,COUNTRY,ZAF,AFR,YEAR,Africa,SEX,SEX_FMLE,2022,AGEGROUP,AGEGROUP_YEARS10-14,,,,,1.3,1.340156078,,,Registration National Statistics & WPP2024,2025-05-06T16:35:10.26+02:00,2022,2022-01-01T00:00:00+01:00,2022-12-31T00:00:00+01:00
9927231,MDG_0000000003,COUNTRY,NGA,AFR,YEAR,Africa,SEX,SEX_FMLE,2019,AGEGROUP,AGEGROUP_YEARS15-19,,,,,80.9,80.94654846,,,Nigeria 2021 Multiple Indicator Cluster Survey,2025-05-06T16:35:10.26+02:00,2019,2019-01-01T00:00:00+01:00,2019-12-31T00:00:00+01:00
10020588,MDG_0000000003,COUNTRY,POL,EUR,YEAR,Europe,SEX,SEX_FMLE,2017,AGEGROUP,AGEGROUP_YEARS15-19,,,,,11.0,10.96000004,,,Registration Eurostat,2025-05-06T16:35:10.26+02:00,2017,2017-01-01T00:00:00+01:00,2017-12-31T00:00:00+01:00
10046176,MDG_0000000003,COUNTRY,RWA,AFR,YEAR,Africa,SEX,SEX_FMLE,2016,AGEGROUP,AGEGROUP_YEARS10-14,,,,,0,0.0,,,Rwanda 2017 Malaria Indicators Survey,2025-05-06T16:35:10.26+02:00,2016,2016-01-01T00:00:00+01:00,2016-12-31T00:00:00+01:00
10047722,MDG_0000000003,COUNTRY,JPN,WPR,YEAR,Western Pacific,SEX,SEX_FMLE,2022,AGEGROUP,AGEGROUP_YEARS15-19,,,,,1.7,1.700000048,,,Registration National Statistics,2025-05-06T16:35:10.26+02:00,2022,2022-01-01T00:00:00+01:00,2022-12-31T00:00:00+01:00
10056548,MDG_0000000003,COUNTRY,PAK,EMR,YEAR,Eastern Mediterranean,SEX,SEX_FMLE,2012,AGEGROUP,AGEGROUP_YEARS15-19,,,,,57.0,57.0,,,Pakistan 2013-2014 Living Standards Measurement Survey,2025-05-06T16:35:10.26+02:00,2012,2012-01-01T00:00:00+01:00,2012-12-31T00:00:00+01:00
10062139,MDG_0000000003,COUNTRY,PHL,WPR,YEAR,Western Pacific,SEX,SEX_FMLE,2019,AGEGROUP,AGEGROUP_YEARS10-14,,,,,0.4,0.429982334,,,Registration National Statistics & WPP2024,2025-05-06T16:35:10.26+02:00,2019,2019-01-01T00:00:00+01:00,2019-12-31T00:00:00+01:00
10122733,MDG_0000000003,COUNTRY,IDN,WPR,YEAR,Western Pacific,SEX,SEX_FMLE,2016,AGEGROUP,AGEGROUP_YEARS10-14,,,,,0.3,0.280037165,,,Indonesia 2017 Demographic and Health Survey,2025-05-06T16:35:10.26+02:00,2016,2016-01-01T00:00:00+01:00,2016-12-31T00:00:00+01:00
10163918,MDG_0000000003,COUNTRY,POL,EUR,YEAR,Europe,SEX,SEX_FMLE,2016,AGEGROUP,AGEGROUP_YEARS10-14,,,,,0.1,0.059999999,,,Registration Eurostat,2025-05-06T16:35:10.26+02:00,2016,2016-01-01T00:00:00+01:00,2016-12-31T00:00:00+01:00
7774803,MDG_0000000003,COUNTRY,COL,AMR,YEAR,Americas,SEX,SEX_FMLE,2019,AGEGROUP,AGEGROUP_YEARS15-19,,,,,57.1,57.09523392,,,Registration National Statistics & WPP2024,2025-05-06T16:35:10.26+02:00,2019,2019-01-01T00:00:00+01:00,2019-12-31T00:00:00+01:00
7794686,MDG_0000000003,COUNTRY,CHL,AMR,YEAR,Americas,SEX,SEX_FMLE,2023,AGEGROUP,AGEGROUP_YEARS15-19,,,,,6.3,6.347990036,,,Registration National Statistics & WPP2024,2025-05-06T16:35:10.26+02:00,2023,2023-01-01T00:00:00+01:00,2023-12-31T00:00:00+01:00
7826773,MDG_0000000003,COUNTRY,GHA,AFR,YEAR,Africa,SEX,SEX_FMLE,2021,AGEGROUP,AGEGROUP_YEARS15-19,,,,,63.0,63.0,,,Ghana 2022 Demographic and Health Survey,2025-05-06T16:35:10.26+02:00,2021,2021-01-01T00:00:00+01:00,2021-12-31T00:00:00+01:00
7827227,MDG_0000000003,COUNTRY,KEN,AFR,YEAR,Africa,SEX,SEX_FMLE,2019,AGEGROUP,AGEGROUP_YEARS10-14,,,,,0.8,0.794924974,,,Registration National Statistics & WPP2024,2025-05-06T16:35:10.26+02:00,2019,2019-01-01T00:00:00+01:00,2019-12-31T00:00:00+01:00
7829056,MDG_0000000003,COUNTRY,JPN,WPR,YEAR,Western Pacific,SEX,SEX_FMLE,2011,AGEGROUP,AGEGROUP_YEARS10-14,,,,,0,0.0,,,Registration National Statistics & WPP2024,2025-05-06T16:35:10.26+02:00,2011,2011-01-01T00:00:00+01:00,2011-12-31T00:00:00+01:00
7831576,MDG_0000000003,COUNTRY,UGA,AFR,YEAR,Africa,SEX,SEX_FMLE,2017,AGEGROUP,AGEGROUP_YEARS10-14,,,,,1.1,1.087815642,,,Uganda 2018-2019 Malaria Indicators Survey,2025-05-06T16:35:10.26+02:00,2017,2017-01-01T00:00:00+01:00,2017-12-31T00:00:00+01:00
7835796,MDG_0000000003,COUNTRY,KEN,AFR,YEAR,Africa,SEX,SEX_FMLE,2022,AGEGROUP,AGEGROUP_YEARS15-19,,,,,46.1,46.09251022,,,Registration National Statistics & WPP2024,2025-05-06T16:35:10.26+02:00,2022,2022-01-01T00:00:00+01:00,2022-12-31T00:00:00+01:00
7837093,MDG_0000000003,COUNTRY,KEN,AFR,YEAR,Africa,SEX,SEX_FMLE,2014,AGEGROUP,AGEGROUP_YEARS15-19,,,,,95.7,95.67424011,,,Kenya 2015 Malaria Indicators Survey,2025-05-06T16:35:10.26+02:00,2014,2014-01-01T00:00:00+01:00,2014-12-31T00:00:00+01:00
7837491,MDG_0000000003,COUNTRY,ZAF,AFR,YEAR,Africa,SEX,SEX_FMLE,2021,AGEGROUP,AGEGROUP_YEARS10-14,,,,,1.2,1.20672214,,,Registration National Statistics & WPP2024,2025-05-06T16:35:10.26+02:00,2021,2021-01-01T00:00:00+01:00,2021-12-31T00:00:00+01:00
7856767,MDG_0000000003,COUNTRY,UGA,AFR,YEAR,Africa,SEX,SEX_FMLE,2013,AGEGROUP,AGEGROUP_YEARS10-14,,,,,0.6,0.589223623,,,Uganda 2014-2015 Malaria Indicators Survey,2025-05-06T16:35:10.26+02:00,2013,2013-01-01T00:00:00+01:00,2013-12-31T00:00:00+01:00
7857027,MDG_0000000003,COUNTRY,MDG,AFR,YEAR,Africa,SEX,SEX_FMLE,2013,AGEGROUP,AGEGROUP_YEARS15-19,,,,,143.3,143.3433533,,,Madagascar 2016 Malaria Indicators Survey,2025-05-06T16:35:10.26+02:00,2013,2013-01-01T00:00:00+01:00,2013-12-31T00:00:00+01:00
7866482,MDG_0000000003,COUNTRY,NGA,AFR,YEAR,Africa,SEX,SEX_FMLE,2019,AGEGROUP,AGEGROUP_YEARS10-14,,,,,2.8,2.750451088,,,Nigeria 2021 Multiple Indicator Cluster Survey,2025-05-06T16:35:10.26+02:00,2019,2019-01-01T00:00:00+01:00,2019-12-31T00:00:00+01:00
7891431,MDG_0000000003,COUNTRY,KOR,WPR,YEAR,Western Pacific,SEX,SEX_FMLE,2017,AGEGROUP,AGEGROUP_YEARS15-19,,,,,1.0,1.0,,,Registration National Statistics,2025-05-06T16:35:10.26+02:00,2017,2017-01-01T00:00:00+01:00,2017-12-31T00:00:00+01:00
7935889,MDG_0000000003,COUNTRY,IDN,WPR,YEAR,Western Pacific,SEX,SEX_FMLE,2011,AGEGROUP,AGEGROUP_YEARS15-19,,,,,48.5,48.48956299,,,Indonesia 2012 Demography and Health Survey (National),2025-05-06T16:35:10.26+02:00,2011,2011-01-01T00:00:00+01:00,2011-12-31T00:00:00+01:00
7939900,MDG_0000000003,COUNTRY,CHL,AMR,YEAR,Americas,SEX,SEX_FMLE,2016,AGEGROUP,AGEGROUP_YEARS10-14,,,,,1.1,1.12025094,,,Registration National Statistics & WPP2024,2025-05-06T16:35:10.26+02:00,2016,2016-01-01T00:00:00+01:00,2016-12-31T00:00:00+01:00
7944480,MDG_0000000003,COUNTRY,BRA,AMR,YEAR,Americas,SEX,SEX_FMLE,2014,AGEGROUP,AGEGROUP_YEARS15-19,,,,,64.0,63.98193741,,,Registration National Statistics & WPP2024,2025-05-06T16:35:10.26+02:00,2014,2014-01-01T00:00:00+01:00,2014-12-31T00:00:00+01:00
7967089,MDG_0000000003,COUNTRY,PHL,WPR,YEAR,Western Pacific,SEX,SEX_FMLE,2015,AGEGROUP,AGEGROUP_YEARS10-14,,,,,0.8,0.821519673,,,Philippines 2017 Demographic and Health Survey,2025-05-06T16:35:10.26+02:00,2015,2015-01-01T00:00:00+01:00,2015-12-31T00:00:00+01:00
7978041,MDG_0000000003,COUNTRY,MDG,AFR,YEAR,Africa,SEX,SEX_FMLE,2019,AGEGROUP,AGEGROUP_YEARS10-14,,,,,7.1,7.078259468,,,Madagascar 2021 Demographic and Health Survey,2025-05-06T16:35:10.26+02:00,2019,2019-01-01T00:00:00+01:00,2019-12-31T00:00:00+01:00
7984588,MDG_0000000003,COUNTRY,SGP,WPR,YEAR,Western Pacific,SEX,SEX_FMLE,2021,AGEGROUP,AGEGROUP_YEARS15-19,,,,,1.9,1.858286619,,,Registration National Statistics & WPP2024,2025-05-06T16:35:10.26+02:00,2021,2021-01-01T00:00:00+01:00,2021-12-31T00:00:00+01:00
7992687,MDG_0000000003,COUNTRY,GHA,AFR,YEAR,Africa,SEX,SEX_FMLE,2013,AGEGROUP,AGEGROUP_YEARS10-14,,,,,2.4,2.366592646,,,Ghana 2017 Maternal Health Survey,2025-05-06T16:35:10.26+02:00,2013,2013-01-01T00:00:00+01:00,2013-12-31T00:00:00+01:00
8008629,MDG_0000000003,COUNTRY,POL,EUR,YEAR,Europe,SEX,SEX_FMLE,2019,AGEGROUP,AGEGROUP_YEARS10-14,,,,,0.0,0.039999999,,,Registration Eurostat,2025-05-06T16:35:10.26+02:00,2019,2019-01-01T00:00:00+01:00,2019-12-31T00:00:00+01:00
8016358,MDG_0000000003,COUNTRY,JPN,WPR,YEAR,Western Pacific,SEX,SEX_FMLE,2010,AGEGROUP,AGEGROUP_YEARS15-19,,,,,4.6,4.599999905,,,Registration National Statistics,2025-05-06T16:35:10.26+02:00,2010,2010-01-01T00:00:00+01:00,2010-12-31T00:00:00+01:00
8018971,MDG_0000000003,COUNTRY,PHL,WPR,YEAR,Western Pacific,SEX,SEX_FMLE,2018,AGEGROUP,AGEGROUP_YEARS15-19,,,,,33.8,33.78859711,,,Registration National Statistics & WPP2024,2025-05-06T16:35:10.26+02:00,2018,2018-01-01T00:00:00+01:00,2018-12-31T00:00:00+01:00
8035523,MDG_0000000003,COUNTRY,SGP,WPR,YEAR,Western Pacific,SEX,SEX_FMLE,2017,AGEGROUP,AGEGROUP_YEARS15-19,,,,,2.3,2.265289783,,,Registration National Statistics & WPP2024,2025-05-06T16:35:10.26+02:00,2017,2017-01-01T00:00:00+01:00,2017-12-31T00:00:00+01:00
8081682,MDG_0000000003,COUNTRY,PAK,EMR,YEAR,Eastern Mediterranean,SEX,SEX_FMLE,2011,AGEGROUP,AGEGROUP_YEARS15-19,,,,,44.3,44.31640625,,,Pakistan 2012-2013 Demographic and Health Survey,2025-05-06T16:35:10.26+02:00,2011,2011-01-01T00:00:00+01:00,2011-12-31T00:00:00+01:00
8085837,MDG_0000000003,COUNTRY,GHA,AFR,YEAR,Africa,SEX,SEX_FMLE,2018,AGEGROUP,AGEGROUP_YEARS15-19,,,,,78.0,78.01785278,,,Ghana 2019 Malaria Indicators Survey,2025-05-06T16:35:10.26+02:00,2018,2018-01-01T00:00:00+01:00,2018-12-31T00:00:00+01:00
8107419,MDG_0000000003,COUNTRY,THA,SEAR,YEAR,South-East Asia,SEX,SEX_FMLE,2021,AGEGROUP,AGEGROUP_YEARS15-19,,,,,21.6,21.56916046,,,Registration National Statistics & WPP2024,2025-05-06T16:35:10.26+02:00,2021,2021-01-01T00:00:00+01:00,2021-12-31T00:00:00+01:00
8149921,MDG_0000000003,COUNTRY,POL,EUR,YEAR,Europe,SEX,SEX_FMLE,2010,AGEGROUP,AGEGROUP_YEARS10-14,,,,,0.1,0.059999999,,,Registration Eurostat,2025-05-06T16:35:10.26+02:00,2010,2010-01-01T00:00:00+01:00,2010-12-31T00:00:00+01:00
8155608,MDG_0000000003,COUNTRY,THA,SEAR,YEAR,South-East Asia,SEX,SEX_FMLE,2022,AGEGROUP,AGEGROUP_YEARS10-14,,,,,0.8,0.783626199,,,Registration National Statistics & WPP2024,2025-05-06T16:35:10.26+02:00,2022,2022-01-01T00:00:00+01:00,2022-12-31T00:00:00+01:00
8168130,MDG_0000000003,COUNTRY,POL,EUR,YEAR,Europe,SEX,SEX_FMLE,2012,AGEGROUP,AGEGROUP_YEARS10-14,,,,,0.1,0.059999999,,,Registration Eurostat,2025-05-06T16:35:10.26+02:00,2012,2012-01-01T00:00:00+01:00,2012-12-31T00:00:00+01:00
8193033,MDG_0000000003,COUNTRY,JPN,WPR,YEAR,Western Pacific,SEX,SEX_FMLE,2012,AGEGROUP,AGEGROUP_YEARS15-19,,,,,4.4,4.400000095,,,Registration National Statistics,2025-05-06T16:35:10.26+02:00,2012,2012-01-01T00:00:00+01:00,2012-12-31T00:00:00+01:00
8210423,MDG_0000000003,COUNTRY,RWA,AFR,YEAR,Africa,SEX,SEX_FMLE,2012,AGEGROUP,AGEGROUP_YEARS15-19,,,,,43.7,43.69033051,,,Rwanda 2014-2015 Demographic and Health Survey,2025-05-06T16:35:10.26+02:00,2012,2012-01-01T00:00:00+01:00,2012-12-31T00:00:00+01:00
8229741,MDG_0000000003,COUNTRY,TUR,EUR,YEAR,Europe,SEX,SEX_FMLE,2015,AGEGROUP,AGEGROUP_YEARS15-19,,,,,24.9,24.88999939,,,Registration Eurostat,2025-05-06T16:35:10.26+02:00,2015,2015-01-01T00:00:00+01:00,2015-12-31T00:00:00+01:00
8269960,MDG_0000000003,COUNTRY,JPN,WPR,YEAR,Western Pacific,SEX,SEX_FMLE,2013,AGEGROUP,AGEGROUP_YEARS15-19,,,,,4.4,4.400000095,,,Registration National Statistics,2025-05-06T16:35:10.26+02:00,2013,2013-01-01T00:00:00+01:00,2013-12-31T00:00:00+01:00
8335260,MDG_0000000003,COUNTRY,POL,EUR,YEAR,Europe,SEX,SEX_FMLE,2013,AGEGROUP,AGEGROUP_YEARS15-19,,,,,13.7,13.69999981,,,Registration Eurostat,2025-05-06T16:35:10.26+02:00,2013,2013-01-01T00:00:00+01:00,2013-12-31T00:00:00+01:00
8401281,MDG_0000000003,COUNTRY,KOR,WPR,YEAR,Western Pacific,SEX,SEX_FMLE,2017,AGEGROUP,AGEGROUP_YEARS10-14,,,,,0,0.0,,,Registration National Statistics & WPP2024,2025-05-06T16:35:10.26+02:00,2017,2017-01-01T00:00:00+01:00,2017-12-31T00:00:00+01:00
8429785,MDG_0000000003,COUNTRY,UGA,AFR,YEAR,Africa,SEX,SEX_FMLE,2015,AGEGROUP,AGEGROUP_YEARS10-14,,,,,2.0,1.998367071,,,Uganda 2016 Demographic and Health Survey,2025-05-06T16:35:10.26+02:00,2015,2015-01-01T00:00:00+01:00,2015-12-31T00:00:00+01:00
8449202,MDG_0000000003,COUNTRY,ZAF,AFR,YEAR,Africa,SEX,SEX_FMLE,2015,AGEGROUP,AGEGROUP_YEARS15-19,,,,,71.1,71.09837341,,,South Africa 2016 Demographic and Health Survey,2025-05-06T16:35:10.26+02:00,2015,2015-01-01T00:00:00+01:00,2015-12-31T00:00:00+01:00
8452866,MDG_0000000003,COUNTRY,RWA,AFR,YEAR,Africa,SEX,SEX_FMLE,2016,AGEGROUP,AGEGROUP_YEARS15-19,,,,,41.0,40.99741745,,,Rwanda 2017 Malaria Indicators Survey,2025-05-06T16:35:10.26+02:00,2016,2016-01-01T00:00:00+01:00,2016-12-31T00:00:00+01:00
8458360,MDG_0000000003,COUNTRY,EGY,EMR,YEAR,Eastern Mediterranean,SEX,SEX_FMLE,2012,AGEGROUP,AGEGROUP_YEARS15-19,,,,,56.5,56.49307632,,,Egypt 2014 Demographic and Health Survey,2025-05-06T16:35:10.26+02:00,2012,2012-01-01T00:00:00+01:00,2012-12-31T00:00:00+01:00
8464401,MDG_0000000003,COUNTRY,THA,SEAR,YEAR,South-East Asia,SEX,SEX_FMLE,2017,AGEGROUP,AGEGROUP_YEARS10-14,,,,,0,0.0,,,Registration National Statistics & WPP2024,2025-05-06T16:35:10.26+02:00,2017,2017-01-01T00:00:00+01:00,2017-12-31T00:00:00+01:00
8476794,MDG_0000000003,COUNTRY,MDG,AFR,YEAR,Africa,SEX,SEX_FMLE,2017,AGEGROUP,AGEGROUP_YEARS10-14,,,,,6.9,6.924530506,,,Madagascar 2018 Multiple Indicator Cluster Survey,2025-05-06T16:35:10.26+02:00,2017,2017-01-01T00:00:00+01:00,2017-12-31T00:00:00+01:00
8486426,MDG_0000000003,COUNTRY,COL,AMR,YEAR,Americas,SEX,SEX_FMLE,2021,AGEGROUP,AGEGROUP_YEARS15-19,,,,,52.9,52.94421768,,,Registration National Statistics & WPP2024,2025-05-06T16:35:10.26+02:00,2021,2021-01-01T00:00:00+01:00,2021-12-31T00:00:00+01:00
8499739,MDG_0000000003,COUNTRY,NGA,AFR,YEAR,Africa,SEX,SEX_FMLE,2014,AGEGROUP,AGEGROUP_YEARS10-14,,,,,5.8,5.791795731,,,Nigeria 2016-2017 Multiple Indicator Cluster Survey,2025-05-06T16:35:10.26+02:00,2014,2014-01-01T00:00:00+01:00,2014-12-31T00:00:00+01:00
8545438,MDG_0000000003,COUNTRY,RWA,AFR,YEAR,Africa,SEX,SEX_FMLE,2017,AGEGROUP,AGEGROUP_YEARS10-14,,,,,0.3,0.292872787,,,Rwanda 2019-2020 Demographic and Health Survey,2025-05-06T16:35:10.26+02:00,2017,2017-01-01T00:00:00+01:00,2017-12-31T00:00:00+01:00
8548999,MDG_0000000003,COUNTRY,RWA,AFR,YEAR,Africa,SEX,SEX_FMLE,2021,AGEGROUP,AGEGROUP_YEARS15-19,,,,,30.8,30.79855728,,,Registration National Statistics & WPP2024,2025-05-06T16:35:10.26+02:00,2021,2021-01-01T00:00:00+01:00,2021-12-31T00:00:00+01:00
8609812,MDG_0000000003,COUNTRY,MDG,AFR,YEAR,Africa,SEX,SEX_FMLE,2010,AGEGROUP,AGEGROUP_YEARS15-19,,,,,147.6,147.6273651,,,Madagascar 2013 Malaria Indicators Survey,2025-05-06T16:35:10.26+02:00,2010,2010-01-01T00:00:00+01:00,2010-12-31T00:00:00+01:00
8672917,MDG_0000000003,COUNTRY,IDN,WPR,YEAR,Western Pacific,SEX,SEX_FMLE,2010,AGEGROUP,AGEGROUP_YEARS10-14,,,,,0.3,0.340195924,,,Indonesia 2017 Demographic and Health Survey,2025-05-06T16:35:10.26+02:00,2010,2010-01-01T00:00:00+01:00,2010-12-31T00:00:00+01:00
8739500,MDG_0000000003,COUNTRY,CHN,WPR,YEAR,Western Pacific,SEX,SEX_FMLE,2016,AGEGROUP,AGEGROUP_YEARS15-19,,,,,8.3,8.329999924,,,China 2016 Annual Population Change Survey (1‰ Survey),2025-05-06T16:35:10.26+02:00,2016,2016-01-01T00:00:00+01:00,2016-12-31T00:00:00+01:00
10804,MDG_0000000003,COUNTRY,POL,EUR,YEAR,Europe,SEX,SEX_FMLE,2014,AGEGROUP,AGEGROUP_YEARS15-19,,,,,13.1,13.10999966,,,Registration Eurostat,2025-05-06T16:35:10.26+02:00,2014,2014-01-01T00:00:00+01:00,2014-12-31T00:00:00+01:00
11493,MDG_0000000003,COUNTRY,IND,SEAR,YEAR,South-East Asia,SEX,SEX_FMLE,2020,AGEGROUP,AGEGROUP_YEARS15-19,,,,,11.3,11.30000019,,,India Sample Registration System,2025-05-06T16:35:10.26+02:00,2020,2020-01-01T00:00:00+01:00,2020-12-31T00:00:00+01:00
45281,MDG_0000000003,COUNTRY,THA,SEAR,YEAR,South-East Asia,SEX,SEX_FMLE,2015,AGEGROUP,AGEGROUP_YEARS10-14,,,,,0,0.0,,,Registration National Statistics & WPP2024,2025-05-06T16:35:10.26+02:00,2015,2015-01-01T00:00:00+01:00,2015-12-31T00:00:00+01:00
53103,MDG_0000000003,COUNTRY,GHA,AFR,YEAR,Africa,SEX,SEX_FMLE,2016,AGEGROUP,AGEGROUP_YEARS10-14,,,,,1.9,1.874162078,,,Ghana 2017 Maternal Health Survey,2025-05-06T16:35:10.26+02:00,2016,2016-01-01T00:00:00+01:00,2016-12-31T00:00:00+01:00
102696,MDG_0000000003,COUNTRY,TUR,EUR,YEAR,Europe,SEX,SEX_FMLE,2014,AGEGROUP,AGEGROUP_YEARS10-14,,,,,0.1,0.100000001,,,Registration Eurostat,2025-05-06T16:35:10.26+02:00,2014,2014-01-01T00:00:00+01:00,2014-12-31T00:00:00+01:00
109607,MDG_0000000003,COUNTRY,THA,SEAR,YEAR,South-East Asia,SEX,SEX_FMLE,2013,AGEGROUP,AGEGROUP_YEARS15-19,,,,,51.1,51.09999847,,,Registration National Statistics,2025-05-06T16:35:10.26+02:00,2013,2013-01-01T00:00:00+01:00,2013-12-31T00:00:00+01:00
119457,MDG_0000000003,COUNTRY,CHL,AMR,YEAR,Americas,SEX,SEX_FMLE,2019,AGEGROUP,AGEGROUP_YEARS15-19,,,,,18.6,18.61109924,,,Registration National Statistics & WPP2024,2025-05-06T16:35:10.26+02:00,2019,2019-01-01T00:00:00+01:00,2019-12-31T00:00:00+01:00
151749,MDG_0000000003,COUNTRY,TUR,EUR,YEAR,Europe,SEX,SEX_FMLE,2020,AGEGROUP,AGEGROUP_YEARS15-19,,,,,15.2,15.15999985,,,Registration Eurostat,2025-05-06T16:35:10.26+02:00,2020,2020-01-01T00:00:00+01:00,2020-12-31T00:00:00+01:00
206500,MDG_0000000003,COUNTRY,SGP,WPR,YEAR,Western Pacific,SEX,SEX_FMLE,2016,AGEGROUP,AGEGROUP_YEARS10-14,,,,,0.1,0.101018168,,,Registration National Statistics & WPP2024,2025-05-06T16:35:10.26+02:00,2016,2016-01-01T00:00:00+01:00,2016-12-31T00:00:00+01:00
241876,MDG_0000000003,COUNTRY,POL,EUR,YEAR,Europe,SEX,SEX_FMLE,2018,AGEGROUP,AGEGROUP_YEARS10-14,,,,,0.0,0.039999999,,,Registration Eurostat,2025-05-06T16:35:10.26+02:00,2018,2018-01-01T00:00:00+01:00,2018-12-31T00:00:00+01:00
273302,MDG_0000000003,COUNTRY,CHL,AMR,YEAR,Americas,SEX,SEX_FMLE,2015,AGEGROUP,AGEGROUP_YEARS10-14,,,,,1.2,1.220100403,,,Registration National Statistics & WPP2024,2025-05-06T16:35:10.26+02:00,2015,2015-01-01T00:00:00+01:00,2015-12-31T00:00:00+01:00
282709,MDG_0000000003,COUNTRY,RWA,AFR,YEAR,Africa,SEX,SEX_FMLE,2013,AGEGROUP,AGEGROUP_YEARS15-19,,,,,44.7,44.694664,,,Rwanda 2014-2015 Demographic and Health Survey,2025-05-06T16:35:10.26+02:00,2013,2013-01-01T00:00:00+01:00,2013-12-31T00:00:00+01:00
315952,MDG_0000000003,COUNTRY,GHA,AFR,YEAR,Africa,SEX,SEX_FMLE,2014,AGEGROUP,AGEGROUP_YEARS10-14,,,,,5.5,5.471557617,,,Ghana 2016 Malaria Indicators Survey,2025-05-06T16:35:10.26+02:00,2014,2014-01-01T00:00:00+01:00,2014-12-31T00:00:00+01:00
332378,MDG_0000000003,COUNTRY,IDN,WPR,YEAR,Western Pacific,SEX,SEX_FMLE,2013,AGEGROUP,AGEGROUP_YEARS10-14,,,,,0.5,0.472207904,,,Indonesia 2017 Demographic and Health Survey,2025-05-06T16:35:10.26+02:00,2013,2013-01-01T00:00:00+01:00,2013-12-31T00:00:00+01:00
346713,MDG_0000000003,COUNTRY,COL,AMR,YEAR,Americas,SEX,SEX_FMLE,2017,AGEGROUP,AGEGROUP_YEARS10-14,,,,,3.0,3.000769377,,,Registration National Statistics & WPP2024,2025-05-06T16:35:10.26+02:00,2017,2017-01-01T00:00:00+01:00,2017-12-31T00:00:00+01:00
384260,MDG_0000000003,COUNTRY,CHL,AMR,YEAR,Americas,SEX,SEX_FMLE,2022,AGEGROUP,AGEGROUP_YEARS15-19,,,,,7.0,6.977160454,,,Registration National Statistics & WPP2024,2025-05-06T16:35:10.26+02:00,2022,2022-01-01T00:00:00+01:00,2022-12-31T00:00:00+01:00
436929,MDG_0000000003,COUNTRY,PHL,WPR,YEAR,Western Pacific,SEX,SEX_FMLE,2015,AGEGROUP,AGEGROUP_YEARS15-19,,,,,52.8,52.77715302,,,Philippines 2017 Demographic and Health Survey,2025-05-06T16:35:10.26+02:00,2015,2015-01-01T00:00:00+01:00,2015-12-31T00:00:00+01:00
454402,MDG_0000000003,COUNTRY,MEX,AMR,YEAR,Americas,SEX,SEX_FMLE,2010,AGEGROUP,AGEGROUP_YEARS10-14,,,,,1.7,1.685178876,,,Registration National Statistics & WPP2024,2025-05-06T16:35:10.26+02:00,2010,2010-01-01T00:00:00+01:00,2010-12-31T00:00:00+01:00
477315,MDG_0000000003,COUNTRY,ZAF,AFR,YEAR,Africa,SEX,SEX_FMLE,2020,AGEGROUP,AGEGROUP_YEARS10-14,,,,,1.1,1.090009451,,,Registration National Statistics & WPP2024,2025-05-06T16:35:10.26+02:00,2020,2020-01-01T00:00:00+01:00,2020-12-31T00:00:00+01:00
478749,MDG_0000000003,COUNTRY,CHL,AMR,YEAR,Americas,SEX,SEX_FMLE,2022,AGEGROUP,AGEGROUP_YEARS10-14,,,,,0.1,0.10270454,,,Registration National Statistics & WPP2024,2025-05-06T16:35:10.26+02:00,2022,2022-01-01T00:00:00+01:00,2022-12-31T00:00:00+01:00
492486,MDG_0000000003,COUNTRY,ZAF,AFR,YEAR,Africa,SEX,SEX_FMLE,2012,AGEGROUP,AGEGROUP_YEARS15-19,,,,,89.7,89.69065857,,,South Africa 2016 Demographic and Health Survey,2025-05-06T16:35:10.26+02:00,2012,2012-01-01T00:00:00+01:00,2012-12-31T00:00:00+01:00
510987,MDG_0000000003,COUNTRY,POL,EUR,YEAR,Europe,SEX,SEX_FMLE,2013,AGEGROUP,AGEGROUP_YEARS10-14,,,,,0.1,0.050000001,,,Registration Eurostat,2025-05-06T16:35:10.26+02:00,2013,2013-01-01T00:00:00+01:00,2013-12-31T00:00:00+01:00
532523,MDG_0000000003,COUNTRY,COL,AMR,YEAR,Americas,SEX,SEX_FMLE,2016,AGEGROUP,AGEGROUP_YEARS15-19,,,,,63.1,63.0736351,,,Registration National Statistics & WPP2024,2025-05-06T16:35:10.26+02:00,2016,2016-01-01T00:00:00+01:00,2016-12-31T00:00:00+01:00
540357,MDG_0000000003,COUNTRY,KOR,WPR,YEAR,Western Pacific,SEX,SEX_FMLE,2012,AGEGROUP,AGEGROUP_YEARS10-14,,,,,0,0.0,,,Registration National Statistics & WPP2024,2025-05-06T16:35:10.26+02:00,2012,2012-01-01T00:00:00+01:00,2012-12-31T00:00:00+01:00
546653,MDG_0000000003,COUNTRY,IND,SEAR,YEAR,South-East Asia,SEX,SEX_FMLE,2011,AGEGROUP,AGEGROUP_YEARS10-14,,,,,0.8,0.761765361,,,India 2015-2016 Demographic and Health Survey,2025-05-06T16:35:10.26+02:00,2011,2011-01-01T00:00:00+01:00,2011-12-31T00:00:00+01:00
548308,MDG_0000000003,COUNTRY,POL,EUR,YEAR,Europe,SEX,SEX_FMLE,2015,AGEGROUP,AGEGROUP_YEARS15-19,,,,,12.3,12.31000042,,,Registration Eurostat,2025-05-06T16:35:10.26+02:00,2015,2015-01-01T00:00:00+01:00,2015-12-31T00:00:00+01:00
555401,MDG_0000000003,COUNTRY,BGD,SEAR,YEAR,South-East Asia,SEX,SEX_FMLE,2017,AGEGROUP,AGEGROUP_YEARS15-19,,,,,82.7,82.7347641,,,Bangladesh 2019 Multiple Indicator Cluster Survey,2025-05-06T16:35:10.26+02:00,2017,2017-01-01T00:00:00+01:00,2017-12-31T00:00:00+01:00
563934,MDG_0000000003,COUNTRY,SGP,WPR,YEAR,Western Pacific,SEX,SEX_FMLE,2011,AGEGROUP,AGEGROUP_YEARS10-14,,,,,0.1,0.088401765,,,Registration National Statistics & WPP2024,2025-05-06T16:35:10.26+02:00,2011,2011-01-01T00:00:00+01:00,2011-12-31T00:00:00+01:00
611777,MDG_0000000003,COUNTRY,BGD,SEAR,YEAR,South-East Asia,SEX,SEX_FMLE,2018,AGEGROUP,AGEGROUP_YEARS15-19,,,,,75.0,75.0,,,Bangladesh Sample Vital Registration System,2025-05-06T16:35:10.26+02:00,2018,2018-01-01T00:00:00+01:00,2018-12-31T00:00:00+01:00
631442,MDG_0000000003,COUNTRY,IND,SEAR,YEAR,South-East Asia,SEX,SEX_FMLE,2015,AGEGROUP,AGEGROUP_YEARS10-14,,,,,0.6,0.599276841,,,India 2019-2021 National Family Health Survey,2025-05-06T16:35:10.26+02:00,2015,2015-01-01T00:00:00+01:00,2015-12-31T00:00:00+01:00
696995,MDG_0000000003,COUNTRY,COL,AMR,YEAR,Americas,SEX,SEX_FMLE,2016,AGEGROUP,AGEGROUP_YEARS10-14,,,,,2.8,2.80131197,,,Registration National Statistics & WPP2024,2025-05-06T16:35:10.26+02:00,2016,2016-01-01T00:00:00+01:00,2016-12-31T00:00:00+01:00
709405,MDG_0000000003,COUNTRY,SGP,WPR,YEAR,Western Pacific,SEX,SEX_FMLE,2012,AGEGROUP,AGEGROUP_YEARS15-19,,,,,4.3,4.300000191,,,Registration National Statistics,2025-05-06T16:35:10.26+02:00,2012,2012-01-01T00:00:00+01:00,2012-12-31T00:00:00+01:00
736155,MDG_0000000003,COUNTRY,AFG,EMR,YEAR,Eastern Mediterranean,SEX,SEX_FMLE,2017,AGEGROUP,AGEGROUP_YEARS15-19,,,,,62.0,62.0,,,Afghanistan 2018 Health Survey,2025-05-06T16:35:10.26+02:00,2017,2017-01-01T00:00:00+01:00,2017-12-31T00:00:00+01:00
803608,MDG_0000000003,COUNTRY,IDN,WPR,YEAR,Western Pacific,SEX,SEX_FMLE,2015,AGEGROUP,AGEGROUP_YEARS10-14,,,,,0.4,0.391797632,,,Indonesia 2017 Demographic and Health Survey,2025-05-06T16:35:10.26+02:00,2015,2015-01-01T00:00:00+01:00,2015-12-31T00:00:00+01:00
806062,MDG_0000000003,COUNTRY,MEX,AMR,YEAR,Americas,SEX,SEX_FMLE,2016,AGEGROUP,AGEGROUP_YEARS15-19,,,,,62.2,62.24319458,,,Registration UNSD,2025-05-06T16:35:10.26+02:00,2016,2016-01-01T00:00:00+01:00,2016-12-31T00:00:00+01:00
822878,MDG_0000000003,COUNTRY,POL,EUR,YEAR,Europe,SEX,SEX_FMLE,2021,AGEGROUP,AGEGROUP_YEARS10-14,,,,,0.0,0.029999999,,,Registration Eurostat,2025-05-06T16:35:10.26+02:00,2021,2021-01-01T00:00:00+01:00,2021-12-31T00:00:00+01:00
838390,MDG_0000000003,COUNTRY,BRA,AMR,YEAR,Americas,SEX,SEX_FMLE,2018,AGEGROUP,AGEGROUP_YEARS10-14,,,,,2.8,2.843521357,,,Registration National Statistics & WPP2024,2025-05-06T16:35:10.26+02:00,2018,2018-01-01T00:00:00+01:00,2018-12-31T00:00:00+01:00
860670,MDG_0000000003,COUNTRY,TUR,EUR,YEAR,Europe,SEX,SEX_FMLE,2012,AGEGROUP,AGEGROUP_YEARS10-14,,,,,0.1,0.119999997,,,Registration Eurostat,2025-05-06T16:35:10.26+02:00,2012,2012-01-01T00:00:00+01:00,2012-12-31T00:00:00+01:00
889918,MDG_0000000003,COUNTRY,CHL,AMR,YEAR,Americas,SEX,SEX_FMLE,2011,AGEGROUP,AGEGROUP_YEARS15-19,,,,,52.3,52.29999924,,,Registration National Statistics,2025-05-06T16:35:10.26+02:00,2011,2011-01-01T00:00:00+01:00,2011-12-31T00:00:00+01:00
904526,MDG_0000000003,COUNTRY,ZAF,AFR,YEAR,Africa,SEX,SEX_FMLE,2014,AGEGROUP,AGEGROUP_YEARS15-19,,,,,76.8,76.82701874,,,South Africa 2016 Demographic and Health Survey,2025-05-06T16:35:10.26+02:00,2014,2014-01-01T00:00:00+01:00,2014-12-31T00:00:00+01:00
926371,MDG_0000000003,COUNTRY,COL,AMR,YEAR,Americas,SEX,SEX_FMLE,2022,AGEGROUP,AGEGROUP_YEARS15-19,,,,,46.8,46.82501984,,,Registration National Statistics & WPP2024,2025-05-06T16:35:10.26+02:00,2022,2022-01-01T00:00:00+01:00,2022-12-31T00:00:00+01:00
949021,MDG_0000000003,COUNTRY,ZAF,AFR,YEAR,Africa,SEX,SEX_FMLE,2019,AGEGROUP,AGEGROUP_YEARS15-19,,,,,42.9,42.92674637,,,Registration National Statistics & WPP2024,2025-05-06T16:35:10.26+02:00,2019,2019-01-01T00:00:00+01:00,2019-12-31T00:00:00+01:00
976497,MDG_0000000003,COUNTRY,POL,EUR,YEAR,Europe,SEX,SEX_FMLE,2011,AGEGROUP,AGEGROUP_YEARS15-19,,,,,14.0,13.97000027,,,Registration Eurostat,2025-05-06T16:35:10.26+02:00,2011,2011-01-01T00:00:00+01:00,2011-12-31T00:00:00+01:00
1008356,MDG_0000000003,COUNTRY,KOR,WPR,YEAR,Western Pacific,SEX,SEX_FMLE,2011,AGEGROUP,AGEGROUP_YEARS15-19,,,,,1.8,1.799999952,,,Registration National Statistics,2025-05-06T16:35:10.26+02:00,2011,2011-01-01T00:00:00+01:00,2011-12-31T00:00:00+01:00
1053501,MDG_0000000003,COUNTRY,CHN,WPR,YEAR,Western Pacific,SEX,SEX_FMLE,2011,AGEGROUP,AGEGROUP_YEARS15-19,,,,,6.2,6.159999847,,,China 2011 Annual Population Change Survey (1‰ Survey),2025-05-06T16:35:10.26+02:00,2011,2011-01-01T00:00:00+01:00,2011-12-31T00:00:00+01:00
1117733,MDG_0000000003,COUNTRY,BRA,AMR,YEAR,Americas,SEX,SEX_FMLE,2012,AGEGROUP,AGEGROUP_YEARS15-19,,,,,64.0,63.95613098,,,Registration National Statistics & WPP2024,2025-05-06T16:35:10.26+02:00,2012,2012-01-01T00:00:00+01:00,2012-12-31T00:00:00+01:00
1118401,MDG_0000000003,COUNTRY,CHL,AMR,YEAR,Americas,SEX,SEX_FMLE,2014,AGEGROUP,AGEGROUP_YEARS15-19,,,,,46.0,46.04999924,,,Registration National Statistics,2025-05-06T16:35:10.26+02:00,2014,2014-01-01T00:00:00+01:00,2014-12-31T00:00:00+01:00
1125364,MDG_0000000003,COUNTRY,NGA,AFR,YEAR,Africa,SEX,SEX_FMLE,2014,AGEGROUP,AGEGROUP_YEARS15-19,,,,,126.3,126.2618713,,,Nigeria 2016-2017 Multiple Indicator Cluster Survey,2025-05-06T16:35:10.26+02:00,2014,2014-01-01T00:00:00+01:00,2014-12-31T00:00:00+01:00
1133216,MDG_0000000003,COUNTRY,PAK,EMR,YEAR,Eastern Mediterranean,SEX,SEX_FMLE,2016,AGEGROUP,AGEGROUP_YEARS15-19,,,,,45.5,45.54030228,,,Pakistan 2017-2018 Demographic and Health Survey,2025-05-06T16:35:10.26+02:00,2016,2016-01-01T00:00:00+01:00,2016-12-31T00:00:00+01:00
1158383,MDG_0000000003,COUNTRY,PAK,EMR,YEAR,Eastern Mediterranean,SEX,SEX_FMLE,2013,AGEGROUP,AGEGROUP_YEARS10-14,,,,,1.2,1.153732419,,,Pakistan 2017-2018 Demographic and Health Survey,2025-05-06T16:35:10.26+02:00,2013,2013-01-01T00:00:00+01:00,2013-12-31T00:00:00+01:00
1178995,MDG_0000000003,COUNTRY,MEX,AMR,YEAR,Americas,SEX,SEX_FMLE,2011,AGEGROUP,AGEGROUP_YEARS15-19,,,,,80.3,80.32533264,,,Registration National Statistics & WPP2024,2025-05-06T16:35:10.26+02:00,2011,2011-01-01T00:00:00+01:00,2011-12-31T00:00:00+01:00
1187689,MDG_0000000003,COUNTRY,CHL,AMR,YEAR,Americas,SEX,SEX_FMLE,2023,AGEGROUP,AGEGROUP_YEARS10-14,,,,,0.1,0.064190343,,,Registration National Statistics & WPP2024,2025-05-06T16:35:10.26+02:00,2023,2023-01-01T00:00:00+01:00,2023-12-31T00:00:00+01:00
1210834,MDG_0000000003,COUNTRY,BGD,SEAR,YEAR,South-East Asia,SEX,SEX_FMLE,2023,AGEGROUP,AGEGROUP_YEARS10-14,,,,,0,0.0,,,Registration National Statistics & WPP2024,2025-05-06T16:35:10.26+02:00,2023,2023-01-01T00:00:00+01:00,2023-12-31T00:00:00+01:00
1250070,MDG_0000000003,COUNTRY,PAK,EMR,YEAR,Eastern Mediterranean,SEX,SEX_FMLE,2013,AGEGROUP,AGEGROUP_YEARS15-19,,,,,49.9,49.85546875,,,Pakistan 2017-2018 Demographic and Health Survey,2025-05-06T16:35:10.26+02:00,2013,2013-01-01T00:00:00+01:00,2013-12-31T00:00:00+01:00
1265292,MDG_0000000003,COUNTRY,GHA,AFR,YEAR,Africa,SEX,SEX_FMLE,2012,AGEGROUP,AGEGROUP_YEARS10-14,,,,,0.9,0.912721813,,,Ghana 2014 Demographic and Health Survey,2025-05-06T16:35:10.26+02:00,2012,2012-01-01T00:00:00+01:00,2012-12-31T00:00:00+01:00
1280474,MDG_0000000003,COUNTRY,CHL,AMR,YEAR,Americas,SEX,SEX_FMLE,2010,AGEGROUP,AGEGROUP_YEARS15-19,,,,,53.5,53.5,,,Registration National Statistics,2025-05-06T16:35:10.26+02:00,2010,2010-01-01T00:00:00+01:00,2010-12-31T00:00:00+01:00
1294694,MDG_0000000003,COUNTRY,AFG,EMR,YEAR,Eastern Mediterranean,SEX,SEX_FMLE,2014,AGEGROUP,AGEGROUP_YEARS15-19,,,,,77.2,77.23165131,,,Afghanistan 2015 Demographic and Health Survey,2025-05-06T16:35:10.26+02:00,2014,2014-01-01T00:00:00+01:00,2014-12-31T00:00:00+01:00
1299959,MDG_0000000003,COUNTRY,JPN,WPR,YEAR,Western Pacific,SEX,SEX_FMLE,2019,AGEGROUP,AGEGROUP_YEARS15-19,,,,,2.7,2.668957233,,,Registration National Statistics & WPP2024,2025-05-06T16:35:10.26+02:00,2019,2019-01-01T00:00:00+01:00,2019-12-31T00:00:00+01:00
1321007,MDG_0000000003,COUNTRY,RWA,AFR,YEAR,Africa,SEX,SEX_FMLE,2015,AGEGROUP,AGEGROUP_YEARS15-19,,,,,41.0,40.99711227,,,Rwanda 2019-2020 Demographic and Health Survey,2025-05-06T16:35:10.26+02:00,2015,2015-01-01T00:00:00+01:00,2015-12-31T00:00:00+01:00
1334123,MDG_0000000003,COUNTRY,SGP,WPR,YEAR,Western Pacific,SEX,SEX_FMLE,2020,AGEGROUP,AGEGROUP_YEARS15-19,,,,,2.0,2.031166077,,,Registration National Statistics & WPP2024,2025-05-06T16:35:10.26+02:00,2020,2020-01-01T00:00:00+01:00,2020-12-31T00:00:00+01:00
1347442,MDG_0000000003,COUNTRY,THA,SEAR,YEAR,South-East Asia,SEX,SEX_FMLE,2019,AGEGROUP,AGEGROUP_YEARS15-19,,,,,27.5,27.53081894,,,Registration National Statistics & WPP2024,2025-05-06T16:35:10.26+02:00,2019,2019-01-01T00:00:00+01:00,2019-12-31T00:00:00+01:00
1349594,MDG_0000000003,COUNTRY,PAK,EMR,YEAR,Eastern Mediterranean,SEX,SEX_FMLE,2021,AGEGROUP,AGEGROUP_YEARS15-19,,,,,41.0,41.0,,,Pakistan 2020 Demographic Survey,2025-05-06T16:35:10.26+02:00,2021,2021-01-01T00:00:00+01:00,2021-12-31T00:00:00+01:00
1369226,MDG_0000000003,COUNTRY,TUR,EUR,YEAR,Europe,SEX,SEX_FMLE,2021,AGEGROUP,AGEGROUP_YEARS10-14,,,,,0.0,0.037179869,,,Registration National Statistics & WPP2024,2025-05-06T16:35:10.26+02:00,2021,2021-01-01T00:00:00+01:00,2021-12-31T00:00:00+01:00
1393426,MDG_0000000003,COUNTRY,ZAF,AFR,YEAR,Africa,SEX,SEX_FMLE,2022,AGEGROUP,AGEGROUP_YEARS15-19,,,,,40.1,40.12929153,,,Registration National Statistics & WPP2024,2025-05-06T16:35:10.26+02:00,2022,2022-01-01T00:00:00+01:00,2022-12-31T00:00:00+01:00
1414829,MDG_0000000003,COUNTRY,JPN,WPR,YEAR,Western Pacific,SEX,SEX_FMLE,2014,AGEGROUP,AGEGROUP_YEARS10-14,,,,,0,0.0,,,Registration National Statistics & WPP2024,2025-05-06T16:35:10.26+02:00,2014,2014-01-01T00:00:00+01:00,2014-12-31T00:00:00+01:00
1472760,MDG_0000000003,COUNTRY,BGD,SEAR,YEAR,South-East Asia,SEX,SEX_FMLE,2020,AGEGROUP,AGEGROUP_YEARS15-19,,,,,74.0,74.0,,,Bangladesh Sample Vital Registration System,2025-05-06T16:35:10.26+02:00,2020,2020-01-01T00:00:00+01:00,2020-12-31T00:00:00+01:00
1529936,MDG_0000000003,COUNTRY,PHL,WPR,YEAR,Western Pacific,SEX,SEX_FMLE,2019,AGEGROUP,AGEGROUP_YEARS15-19,,,,,33.0,33.03781891,,,Registration National Statistics & WPP2024,2025-05-06T16:35:10.26+02:00,2019,2019-01-01T00:00:00+01:00,2019-12-31T00:00:00+01:00
1540120,MDG_0000000003,COUNTRY,PHL,WPR,YEAR,Western Pacific,SEX,SEX_FMLE,2016,AGEGROUP,AGEGROUP_YEARS10-14,,,,,0.1,0.091005944,,,Philippines 2017 Demographic and Health Survey,2025-05-06T16:35:10.26+02:00,2016,2016-01-01T00:00:00+01:00,2016-12-31T00:00:00+01:00
1553618,MDG_0000000003,COUNTRY,EGY,EMR,YEAR,Eastern Mediterranean,SEX,SEX_FMLE,2011,AGEGROUP,AGEGROUP_YEARS15-19,,,,,57.2,57.17271423,,,Egypt 2014 Demographic and Health Survey,2025-05-06T16:35:10.26+02:00,2011,2011-01-01T00:00:00+01:00,2011-12-31T00:00:00+01:00
1574310,MDG_0000000003,COUNTRY,IDN,WPR,YEAR,Western Pacific,SEX,SEX_FMLE,2010,AGEGROUP,AGEGROUP_YEARS15-19,,,,,46.9,46.86227798,,,Indonesia 2012 Demography and Health Survey (National),2025-05-06T16:35:10.26+02:00,2010,2010-01-01T00:00:00+01:00,2010-12-31T00:00:00+01:00
1587895,MDG_0000000003,COUNTRY,AFG,EMR,YEAR,Eastern Mediterranean,SEX,SEX_FMLE,2011,AGEGROUP,AGEGROUP_YEARS10-14,,,,,2.2,2.206709862,,,Afghanistan 2015 Demographic and Health Survey,2025-05-06T16:35:10.26+02:00,2011,2011-01-01T00:00:00+01:00,2011-12-31T00:00:00+01:00
1608588,MDG_0000000003,COUNTRY,BGD,SEAR,YEAR,South-East Asia,SEX,SEX_FMLE,2017,AGEGROUP,AGEGROUP_YEARS10-14,,,,,0.9,0.926574707,,,Bangladesh 2019 Multiple Indicator Cluster Survey,2025-05-06T16:35:10.26+02:00,2017,2017-01-01T00:00:00+01:00,2017-12-31T00:00:00+01:00
1618106,MDG_0000000003,COUNTRY,RWA,AFR,YEAR,Africa,SEX,SEX_FMLE,2018,AGEGROUP,AGEGROUP_YEARS10-14,,,,,0.3,0.30616191,,,Rwanda 2019-2020 Demographic and Health Survey,2025-05-06T16:35:10.26+02:00,2018,2018-01-01T00:00:00+01:00,2018-12-31T00:00:00+01:00
1629827,MDG_0000000003,COUNTRY,SGP,WPR,YEAR,Western Pacific,SEX,SEX_FMLE,2022,AGEGROUP,AGEGROUP_YEARS15-19,,,,,1.9,1.853878617,,,Registration National Statistics & WPP2024,2025-05-06T16:35:10.26+02:00,2022,2022-01-01T00:00:00+01:00,2022-12-31T00:00:00+01:00
1698072,MDG_0000000003,COUNTRY,JPN,WPR,YEAR,Western Pacific,SEX,SEX_FMLE,2010,AGEGROUP,AGEGROUP_YEARS10-14,,,,,0,0.0,,,Registration National Statistics & WPP2024,2025-05-06T16:35:10.26+02:00,2010,2010-01-01T00:00:00+01:00,2010-12-31T00:00:00+01:00
1718780,MDG_0000000003,COUNTRY,BRA,AMR,YEAR,Americas,SEX,SEX_FMLE,2014,AGEGROUP,AGEGROUP_YEARS10-14,,,,,3.6,3.568705559,,,Registration National Statistics & WPP2024,2025-05-06T16:35:10.26+02:00,2014,2014-01-01T00:00:00+01:00,2014-12-31T00:00:00+01:00
1774762,MDG_0000000003,COUNTRY,SGP,WPR,YEAR,Western Pacific,SEX,SEX_FMLE,2018,AGEGROUP,AGEGROUP_YEARS10-14,,,,,0.1,0.051003799,,,Registration National Statistics & WPP2024,2025-05-06T16:35:10.26+02:00,2018,2018-01-01T00:00:00+01:00,2018-12-31T00:00:00+01:00
1776448,MDG_0000000003,COUNTRY,CHL,AMR,YEAR,Americas,SEX,SEX_FMLE,2018,AGEGROUP,AGEGROUP_YEARS15-19,,,,,22.5,22.49906158,,,Registration National Statistics & WPP2024,2025-05-06T16:35:10.26+02:00,2018,2018-01-01T00:00:00+01:00,2018-12-31T00:00:00+01:00
1786952,MDG_0000000003,COUNTRY,THA,SEAR,YEAR,South-East Asia,SEX,SEX_FMLE,2020,AGEGROUP,AGEGROUP_YEARS10-14,,,,,0.9,0.869749486,,,Registration National Statistics & WPP2024,2025-05-06T16:35:10.26+02:00,2020,2020-01-01T00:00:00+01:00,2020-12-31T00:00:00+01:00
1868495,MDG_0000000003,COUNTRY,KOR,WPR,YEAR,Western Pacific,SEX,SEX_FMLE,2015,AGEGROUP,AGEGROUP_YEARS15-19,,,,,1.4,1.399999976,,,Registration National Statistics,2025-05-06T16:35:10.26+02:00,2015,2015-01-01T00:00:00+01:00,2015-12-31T00:00:00+01:00
1871206,MDG_0000000003,COUNTRY,THA,SEAR,YEAR,South-East Asia,SEX,SEX_FMLE,2016,AGEGROUP,AGEGROUP_YEARS10-14,,,,,0,0.0,,,Registration National Statistics & WPP2024,2025-05-06T16:35:10.26+02:00,2016,2016-01-01T00:00:00+01:00,2016-12-31T00:00:00+01:00
1871601,MDG_0000000003,COUNTRY,CHL,AMR,YEAR,Americas,SEX,SEX_FMLE,2011,AGEGROUP,AGEGROUP_YEARS10-14,,,,,1.5,1.4621737,,,Registration National Statistics & WPP2024,2025-05-06T16:35:10.26+02:00,2011,2011-01-01T00:00:00+01:00,2011-12-31T00:00:00+01:00
1906351,MDG_0000000003,COUNTRY,CHL,AMR,YEAR,Americas,SEX,SEX_FMLE,2017,AGEGROUP,AGEGROUP_YEARS10-14,,,,,0.8,0.820183218,,,Registration National Statistics & WPP2024,2025-05-06T16:35:10.26+02:00,2017,2017-01-01T00:00:00+01:00,2017-12-31T00:00:00+01:00
1937796,MDG_0000000003,COUNTRY,COL,AMR,YEAR,Americas,SEX,SEX_FMLE,2011,AGEGROUP,AGEGROUP_YEARS15-19,,,,,82.8,82.81716156,,,Colombia 2015 Demographic and Health Survey,2025-05-06T16:35:10.26+02:00,2011,2011-01-01T00:00:00+01:00,2011-12-31T00:00:00+01:00
1971844,MDG_0000000003,COUNTRY,COL,AMR,YEAR,Americas,SEX,SEX_FMLE,2014,AGEGROUP,AGEGROUP_YEARS10-14,,,,,2.5,2.494274616,,,Colombia 2015 Demographic and Health Survey,2025-05-06T16:35:10.26+02:00,2014,2014-01-01T00:00:00+01:00,2014-12-31T00:00:00+01:00
2042835,MDG_0000000003,COUNTRY,THA,SEAR,YEAR,South-East Asia,SEX,SEX_FMLE,2014,AGEGROUP,AGEGROUP_YEARS15-19,,,,,47.9,47.90000153,,,Registration National Statistics,2025-05-06T16:35:10.26+02:00,2014,2014-01-01T00:00:00+01:00,2014-12-31T00:00:00+01:00
2075426,MDG_0000000003,COUNTRY,MEX,AMR,YEAR,Americas,SEX,SEX_FMLE,2017,AGEGROUP,AGEGROUP_YEARS10-14,,,,,1.2,1.182919979,,,Registration National Statistics & WPP2024,2025-05-06T16:35:10.26+02:00,2017,2017-01-01T00:00:00+01:00,2017-12-31T00:00:00+01:00
2142677,MDG_0000000003,COUNTRY,THA,SEAR,YEAR,South-East Asia,SEX,SEX_FMLE,2017,AGEGROUP,AGEGROUP_YEARS15-19,,,,,35.5,35.51448822,,,Registration National Statistics & WPP2024,2025-05-06T16:35:10.26+02:00,2017,2017-01-01T00:00:00+01:00,2017-12-31T00:00:00+01:00
2170292,MDG_0000000003,COUNTRY,CHL,AMR,YEAR,Americas,SEX,SEX_FMLE,2020,AGEGROUP,AGEGROUP_YEARS15-19,,,,,15.5,15.47243977,,,Registration National Statistics & WPP2024,2025-05-06T16:35:10.26+02:00,2020,2020-01-01T00:00:00+01:00,2020-12-31T00:00:00+01:00
2170695,MDG_0000000003,COUNTRY,AFG,EMR,YEAR,Eastern Mediterranean,SEX,SEX_FMLE,2021,AGEGROUP,AGEGROUP_YEARS15-19,,,,,62.0,62.0,,,Afghanistan 2022-2023 Multiple Indicator Cluster Survey,2025-05-06T16:35:10.26+02:00,2021,2021-01-01T00:00:00+01:00,2021-12-31T00:00:00+01:00
2218896,MDG_0000000003,COUNTRY,BGD,SEAR,YEAR,South-East Asia,SEX,SEX_FMLE,2023,AGEGROUP,AGEGROUP_YEARS15-19,,,,,71.2,71.15661621,,,Registration National Statistics & WPP2024,2025-05-06T16:35:10.26+02:00,2023,2023-01-01T00:00:00+01:00,2023-12-31T00:00:00+01:00
2233393,MDG_0000000003,COUNTRY,CHL,AMR,YEAR,Americas,SEX,SEX_FMLE,2012,AGEGROUP,AGEGROUP_YEARS15-19,,,,,51.6,51.61999893,,,Registration National Statistics,2025-05-06T16:35:10.26+02:00,2012,2012-01-01T00:00:00+01:00,2012-12-31T00:00:00+01:00
2260792,MDG_0000000003,COUNTRY,BRA,AMR,YEAR,Americas,SEX,SEX_FMLE,2017,AGEGROUP,AGEGROUP_YEARS10-14,,,,,2.9,2.934656382,,,Registration National Statistics & WPP2024,2025-05-06T16:35:10.26+02:00,2017,2017-01-01T00:00:00+01:00,2017-12-31T00:00:00+01:00
2331393,MDG_0000000003,COUNTRY,IDN,WPR,YEAR,Western Pacific,SEX,SEX_FMLE,2013,AGEGROUP,AGEGROUP_YEARS15-19,,,,,47.4,47.36819839,,,Indonesia 2017 Demographic and Health Survey,2025-05-06T16:35:10.26+02:00,2013,2013-01-01T00:00:00+01:00,2013-12-31T00:00:00+01:00
2352682,MDG_0000000003,COUNTRY,EGY,EMR,YEAR,Eastern Mediterranean,SEX,SEX_FMLE,2012,AGEGROUP,AGEGROUP_YEARS10-14,,,,,0.5,0.463983625,,,Egypt 2014 Demographic and Health Survey,2025-05-06T16:35:10.26+02:00,2012,2012-01-01T00:00:00+01:00,2012-12-31T00:00:00+01:00
2360115,MDG_0000000003,COUNTRY,KOR,WPR,YEAR,Western Pacific,SEX,SEX_FMLE,2021,AGEGROUP,AGEGROUP_YEARS10-14,,,,,0.0,0.007184354,,,Registration National Statistics & WPP2024,2025-05-06T16:35:10.26+02:00,2021,2021-01-01T00:00:00+01:00,2021-12-31T00:00:00+01:00
2377588,MDG_0000000003,COUNTRY,JPN,WPR,YEAR,Western Pacific,SEX,SEX_FMLE,2018,AGEGROUP,AGEGROUP_YEARS10-14,,,,,0,0.0,,,Registration National Statistics & WPP2024,2025-05-06T16:35:10.26+02:00,2018,2018-01-01T00:00:00+01:00,2018-12-31T00:00:00+01:00
2383289,MDG_0000000003,COUNTRY,CHN,WPR,YEAR,Western Pacific,SEX,SEX_FMLE,2012,AGEGROUP,AGEGROUP_YEARS15-19,,,,,6.7,6.71999979,,,China 2012 Annual Population Change Survey (1‰ Survey),2025-05-06T16:35:10.26+02:00,2012,2012-01-01T00:00:00+01:00,2012-12-31T00:00:00+01:00
2417152,MDG_0000000003,COUNTRY,TUR,EUR,YEAR,Europe,SEX,SEX_FMLE,2011,AGEGROUP,AGEGROUP_YEARS15-19,,,,,31.3,31.27000046,,,Registration Eurostat,2025-05-06T16:35:10.26+02:00,2011,2011-01-01T00:00:00+01:00,2011-12-31T00:00:00+01:00
2417677,MDG_0000000003,COUNTRY,PHL,WPR,YEAR,Western Pacific,SEX,SEX_FMLE,2011,AGEGROUP,AGEGROUP_YEARS15-19,,,,,59.0,59.0,,,Philippines 2013 Demographic and Health Survey,2025-05-06T16:35:10.26+02:00,2011,2011-01-01T00:00:00+01:00,2011-12-31T00:00:00+01:00
2459829,MDG_0000000003,COUNTRY,MDG,AFR,YEAR,Africa,SEX,SEX_FMLE,2010,AGEGROUP,AGEGROUP_YEARS10-14,,,,,15.0,15.03416729,,,Madagascar 2013 Malaria Indicators Survey,2025-05-06T16:35:10.26+02:00,2010,2010-01-01T00:00:00+01:00,2010-12-31T00:00:00+01:00
2481733,MDG_0000000003,COUNTRY,PHL,WPR,YEAR,Western Pacific,SEX,SEX_FMLE,2020,AGEGROUP,AGEGROUP_YEARS15-19,,,,,28.6,28.62477112,,,Registration National Statistics & WPP2024,2025-05-06T16:35:10.26+02:00,2020,2020-01-01T00:00:00+01:00,2020-12-31T00:00:00+01:00
2501128,MDG_0000000003,COUNTRY,MEX,AMR,YEAR,Americas,SEX,SEX_FMLE,2013,AGEGROUP,AGEGROUP_YEARS10-14,,,,,1.6,1.604493976,,,Registration National Statistics & WPP2024,2025-05-06T16:35:10.26+02:00,2013,2013-01-01T00:00:00+01:00,2013-12-31T00:00:00+01:00
2502411,MDG_0000000003,COUNTRY,BGD,SEAR,YEAR,South-East Asia,SEX,SEX_FMLE,2015,AGEGROUP,AGEGROUP_YEARS15-19,,,,,111.8,111.8171921,,,Bangladesh 2017-2018 Demographic and Health Survey,2025-05-06T16:35:10.26+02:00,2015,2015-01-01T00:00:00+01:00,2015-12-31T00:00:00+01:00
2515888,MDG_0000000003,COUNTRY,CHL,AMR,YEAR,Americas,SEX,SEX_FMLE,2018,AGEGROUP,AGEGROUP_YEARS10-14,,,,,0.7,0.672813296,,,Registration National Statistics & WPP2024,2025-05-06T16:35:10.26+02:00,2018,2018-01-01T00:00:00+01:00,2018-12-31T00:00:00+01:00
2547118,MDG_0000000003,COUNTRY,BGD,SEAR,YEAR,South-East Asia,SEX,SEX_FMLE,2020,AGEGROUP,AGEGROUP_YEARS10-14,,,,,2.0,2.0,,,Bangladesh 2022 Demographic and Health Survey,2025-05-06T16:35:10.26+02:00,2020,2020-01-01T00:00:00+01:00,2020-12-31T00:00:00+01:00
2578192,MDG_0000000003,COUNTRY,MDG,AFR,YEAR,Africa,SEX,SEX_FMLE,2013,AGEGROUP,AGEGROUP_YEARS10-14,,,,,14.9,14.87242317,,,Madagascar 2021 Demographic and Health Survey,2025-05-06T16:35:10.26+02:00,2013,2013-01-01T00:00:00+01:00,2013-12-31T00:00:00+01:00
2605393,MDG_0000000003,COUNTRY,IDN,WPR,YEAR,Western Pacific,SEX,SEX_FMLE,2016,AGEGROUP,AGEGROUP_YEARS15-19,,,,,36.1,36.10983276,,,Indonesia 2017 Demographic and Health Survey,2025-05-06T16:35:10.26+02:00,2016,2016-01-01T00:00:00+01:00,2016-12-31T00:00:00+01:00
2615731,MDG_0000000003,COUNTRY,ZAF,AFR,YEAR,Africa,SEX,SEX_FMLE,2019,AGEGROUP,AGEGROUP_YEARS10-14,,,,,1.2,1.150606275,,,Registration National Statistics & WPP2024,2025-05-06T16:35:10.26+02:00,2019,2019-01-01T00:00:00+01:00,2019-12-31T00:00:00+01:00
2620014,MDG_0000000003,COUNTRY,PHL,WPR,YEAR,Western Pacific,SEX,SEX_FMLE,2021,AGEGROUP,AGEGROUP_YEARS15-19,,,,,24.7,24.67752266,,,Registration National Statistics & WPP2024,2025-05-06T16:35:10.26+02:00,2021,2021-01-01T00:00:00+01:00,2021-12-31T00:00:00+01:00
2623759,MDG_0000000003,COUNTRY,TUR,EUR,YEAR,Europe,SEX,SEX_FMLE,2018,AGEGROUP,AGEGROUP_YEARS10-14,,,,,0.1,0.059999999,,,Registration Eurostat,2025-05-06T16:35:10.26+02:00,2018,2018-01-01T00:00:00+01:00,2018-12-31T00:00:00+01:00
2645464,MDG_0000000003,COUNTRY,NGA,AFR,YEAR,Africa,SEX,SEX_FMLE,2011,AGEGROUP,AGEGROUP_YEARS10-14,,,,,8.7,8.747789383,,,Nigeria 2018 Demographic and Health Survey,2025-05-06T16:35:10.26+02:00,2011,2011-01-01T00:00:00+01:00,2011-12-31T00:00:00+01:00
2668937,MDG_0000000003,COUNTRY,KOR,WPR,YEAR,Western Pacific,SEX,SEX_FMLE,2011,AGEGROUP,AGEGROUP_YEARS10-14,,,,,0,0.0,,,Registration National Statistics & WPP2024,2025-05-06T16:35:10.26+02:00,2011,2011-01-01T00:00:00+01:00,2011-12-31T00:00:00+01:00
2680987,MDG_0000000003,COUNTRY,BRA,AMR,YEAR,Americas,SEX,SEX_FMLE,2016,AGEGROUP,AGEGROUP_YEARS15-19,,,,,57.7,57.7298851,,,Registration National Statistics & WPP2024,2025-05-06T16:35:10.26+02:00,2016,2016-01-01T00:00:00+01:00,2016-12-31T00:00:00+01:00
2682418,MDG_0000000003,COUNTRY,BGD,SEAR,YEAR,South-East Asia,SEX,SEX_FMLE,2010,AGEGROUP,AGEGROUP_YEARS10-14,,,,,10.5,10.54557991,,,Bangladesh 2017-2018 Demographic and Health Survey,2025-05-06T16:35:10.26+02:00,2010,2010-01-01T00:00:00+01:00,2010-12-31T00:00:00+01:00
2697027,MDG_0000000003,COUNTRY,AFG,EMR,YEAR,Eastern Mediterranean,SEX,SEX_FMLE,2021,AGEGROUP,AGEGROUP_YEARS10-14,,,,,18.0,18.0,,,Afghanistan 2022-2023 Multiple Indicator Cluster Survey,2025-05-06T16:35:10.26+02:00,2021,2021-01-01T00:00:00+01:00,2021-12-31T00:00:00+01:00
2703117,MDG_0000000003,COUNTRY,RWA,AFR,YEAR,Africa,SEX,SEX_FMLE,2023,AGEGROUP,AGEGROUP_YEARS15-19,,,,,24.3,24.32419777,,,Registration National Statistics & WPP2024,2025-05-06T16:35:10.26+02:00,2023,2023-01-01T00:00:00+01:00,2023-12-31T00:00:00+01:00
2724859,MDG_0000000003,COUNTRY,MEX,AMR,YEAR,Americas,SEX,SEX_FMLE,2021,AGEGROUP,AGEGROUP_YEARS15-19,,,,,39.9,39.87670898,,,Registration National Statistics & WPP2024,2025-05-06T16:35:10.26+02:00,2021,2021-01-01T00:00:00+01:00,2021-12-31T00:00:00+01:00
2735476,MDG_0000000003,COUNTRY,BGD,SEAR,YEAR,South-East Asia,SEX,SEX_FMLE,2022,AGEGROUP,AGEGROUP_YEARS10-14,,,,,0,0.0,,,Registration National Statistics & WPP2024,2025-05-06T16:35:10.26+02:00,2022,2022-01-01T00:00:00+01:00,2022-12-31T00:00:00+01:00
2751275,MDG_0000000003,COUNTRY,KEN,AFR,YEAR,Africa,SEX,SEX_FMLE,2023,AGEGROUP,AGEGROUP_YEARS15-19,,,,,45.8,45.80979156,,,Registration National Statistics & WPP2024,2025-05-06T16:35:10.26+02:00,2023,2023-01-01T00:00:00+01:00,2023-12-31T00:00:00+01:00
2756917,MDG_0000000003,COUNTRY,TUR,EUR,YEAR,Europe,SEX,SEX_FMLE,2016,AGEGROUP,AGEGROUP_YEARS10-14,,,,,0.1,0.079999998,,,Registration Eurostat,2025-05-06T16:35:10.26+02:00,2016,2016-01-01T00:00:00+01:00,2016-12-31T00:00:00+01:00
2801503,MDG_0000000003,COUNTRY,BRA,AMR,YEAR,Americas,SEX,SEX_FMLE,2016,AGEGROUP,AGEGROUP_YEARS10-14,,,,,3.2,3.151757002,,,Registration National Statistics & WPP2024,2025-05-06T16:35:10.26+02:00,2016,2016-01-01T00:00:00+01:00,2016-12-31T00:00:00+01:00
2847812,MDG_0000000003,COUNTRY,UGA,AFR,YEAR,Africa,SEX,SEX_FMLE,2014,AGEGROUP,AGEGROUP_YEARS15-19,,,,,133.8,133.8391724,,,Uganda 2016 Demographic and Health Survey,2025-05-06T16:35:10.26+02:00,2014,2014-01-01T00:00:00+01:00,2014-12-31T00:00:00+01:00
2851355,MDG_0000000003,COUNTRY,UGA,AFR,YEAR,Africa,SEX,SEX_FMLE,2013,AGEGROUP,AGEGROUP_YEARS15-19,,,,,141.0,141.0,,,Uganda 2014-2015 Malaria Indicators Survey,2025-05-06T16:35:10.26+02:00,2013,2013-01-01T00:00:00+01:00,2013-12-31T00:00:00+01:00
2856478,MDG_0000000003,COUNTRY,COL,AMR,YEAR,Americas,SEX,SEX_FMLE,2020,AGEGROUP,AGEGROUP_YEARS10-14,,,,,2.3,2.276194334,,,Registration National Statistics & WPP2024,2025-05-06T16:35:10.26+02:00,2020,2020-01-01T00:00:00+01:00,2020-12-31T00:00:00+01:00
2864437,MDG_0000000003,COUNTRY,PHL,WPR,YEAR,Western Pacific,SEX,SEX_FMLE,2010,AGEGROUP,AGEGROUP_YEARS15-19,,,,,68.0,68.0,,,Philippines 2017 Demographic and Health Survey,2025-05-06T16:35:10.26+02:00,2010,2010-01-01T00:00:00+01:00,2010-12-31T00:00:00+01:00
2877319,MDG_0000000003,COUNTRY,KEN,AFR,YEAR,Africa,SEX,SEX_FMLE,2020,AGEGROUP,AGEGROUP_YEARS10-14,,,,,0.7,0.653870225,,,Registration National Statistics & WPP2024,2025-05-06T16:35:10.26+02:00,2020,2020-01-01T00:00:00+01:00,2020-12-31T00:00:00+01:00
2894298,MDG_0000000003,COUNTRY,THA,SEAR,YEAR,South-East Asia,SEX,SEX_FMLE,2014,AGEGROUP,AGEGROUP_YEARS10-14,,,,,0,0.0,,,Registration National Statistics & WPP2024,2025-05-06T16:35:10.26+02:00,2014,2014-01-01T00:00:00+01:00,2014-12-31T00:00:00+01:00
2907476,MDG_0000000003,COUNTRY,TUR,EUR,YEAR,Europe,SEX,SEX_FMLE,2018,AGEGROUP,AGEGROUP_YEARS15-19,,,,,19.2,19.20999908,,,Registration Eurostat,2025-05-06T16:35:10.26+02:00,2018,2018-01-01T00:00:00+01:00,2018-12-31T00:00:00+01:00
2943447,MDG_0000000003,COUNTRY,KOR,WPR,YEAR,Western Pacific,SEX,SEX_FMLE,2022,AGEGROUP,AGEGROUP_YEARS10-14,,,,,0.0,0.008913604,,,Registration National Statistics & WPP2024,2025-05-06T16:35:10.26+02:00,2022,2022-01-01T00:00:00+01:00,2022-12-31T00:00:00+01:00
2946359,MDG_0000000003,COUNTRY,KEN,AFR,YEAR,Africa,SEX,SEX_FMLE,2013,AGEGROUP,AGEGROUP_YEARS15-19,,,,,98.6,98.61638641,,,Kenya 2015 Malaria Indicators Survey,2025-05-06T16:35:10.26+02:00,2013,2013-01-01T00:00:00+01:00,2013-12-31T00:00:00+01:00
2990483,MDG_0000000003,COUNTRY,JPN,WPR,YEAR,Western Pacific,SEX,SEX_FMLE,2012,AGEGROUP,AGEGROUP_YEARS10-14,,,,,0,0.0,,,Registration National Statistics & WPP2024,2025-05-06T16:35:10.26+02:00,2012,2012-01-01T00:00:00+01:00,2012-12-31T00:00:00+01:00
2999438,MDG_0000000003,COUNTRY,POL,EUR,YEAR,Europe,SEX,SEX_FMLE,2012,AGEGROUP,AGEGROUP_YEARS15-19,,,,,14.2,14.19999981,,,Registration Eurostat,2025-05-06T16:35:10.26+02:00,2012,2012-01-01T00:00:00+01:00,2012-12-31T00:00:00+01:00
3002782,MDG_0000000003,COUNTRY,UGA,AFR,YEAR,Africa,SEX,SEX_FMLE,2016,AGEGROUP,AGEGROUP_YEARS15-19,,,,,113.5,113.520462,,,Uganda 2018-2019 Malaria Indicators Survey,2025-05-06T16:35:10.26+02:00,2016,2016-01-01T00:00:00+01:00,2016-12-31T00:00:00+01:00
3007054,MDG_0000000003,COUNTRY,UGA,AFR,YEAR,Africa,SEX,SEX_FMLE,2010,AGEGROUP,AGEGROUP_YEARS10-14,,,,,1.2,1.156500816,,,Uganda 2011 Demographic and Health Survey,2025-05-06T16:35:10.26+02:00,2010,2010-01-01T00:00:00+01:00,2010-12-31T00:00:00+01:00
3013210,MDG_0000000003,COUNTRY,CHL,AMR,YEAR,Americas,SEX,SEX_FMLE,2016,AGEGROUP,AGEGROUP_YEARS15-19,,,,,32.3,32.26792908,,,Registration UNSD,2025-05-06T16:35:10.26+02:00,2016,2016-01-01T00:00:00+01:00,2016-12-31T00:00:00+01:00
3028084,MDG_0000000003,COUNTRY,UGA,AFR,YEAR,Africa,SEX,SEX_FMLE,2016,AGEGROUP,AGEGROUP_YEARS10-14,,,,,2.3,2.327955246,,,Uganda 2018-2019 Malaria Indicators Survey,2025-05-06T16:35:10.26+02:00,2016,2016-01-01T00:00:00+01:00,2016-12-31T00:00:00+01:00
3077857,MDG_0000000003,COUNTRY,SGP,WPR,YEAR,Western Pacific,SEX,SEX_FMLE,2013,AGEGROUP,AGEGROUP_YEARS15-19,,,,,3.8,3.799999952,,,Registration National Statistics,2025-05-06T16:35:10.26+02:00,2013,2013-01-01T00:00:00+01:00,2013-12-31T00:00:00+01:00
3078100,MDG_0000000003,COUNTRY,MEX,AMR,YEAR,Americas,SEX,SEX_FMLE,2021,AGEGROUP,AGEGROUP_YEARS10-14,,,,,0.8,0.818152964,,,Registration National Statistics & WPP2024,2025-05-06T16:35:10.26+02:00,2021,2021-01-01T00:00:00+01:00,2021-12-31T00:00:00+01:00
3112226,MDG_0000000003,COUNTRY,IND,SEAR,YEAR,South-East Asia,SEX,SEX_FMLE,2015,AGEGROUP,AGEGROUP_YEARS15-19,,,,,11.1,11.10000038,,,India Sample Registration System,2025-05-06T16:35:10.26+02:00,2015,2015-01-01T00:00:00+01:00,2015-12-31T00:00:00+01:00
3132077,MDG_0000000003,COUNTRY,CHN,WPR,YEAR,Western Pacific,SEX,SEX_FMLE,2018,AGEGROUP,AGEGROUP_YEARS15-19,,,,,10.0,10.01000023,,,China 2018 Annual Population Change Survey (1‰ Survey),2025-05-06T16:35:10.26+02:00,2018,2018-01-01T00:00:00+01:00,2018-12-31T00:00:00+01:00
3149704,MDG_0000000003,COUNTRY,GHA,AFR,YEAR,Africa,SEX,SEX_FMLE,2014,AGEGROUP,AGEGROUP_YEARS15-19,,,,,76.7,76.65619659,,,Ghana 2016 Malaria Indicators Survey,2025-05-06T16:35:10.26+02:00,2014,2014-01-01T00:00:00+01:00,2014-12-31T00:00:00+01:00
3172619,MDG_0000000003,COUNTRY,MDG,AFR,YEAR,Africa,SEX,SEX_FMLE,2016,AGEGROUP,AGEGROUP_YEARS15-19,,,,,147.2,147.2237396,,,Madagascar 2018 Multiple Indicator Cluster Survey,2025-05-06T16:35:10.26+02:00,2016,2016-01-01T00:00:00+01:00,2016-12-31T00:00:00+01:00
3227528,MDG_0000000003,COUNTRY,MDG,AFR,YEAR,Africa,SEX,SEX_FMLE,2011,AGEGROUP,AGEGROUP_YEARS15-19,,,,,145.2,145.1821594,,,Madagascar 2013 Malaria Indicators Survey,2025-05-06T16:35:10.26+02:00,2011,2011-01-01T00:00:00+01:00,2011-12-31T00:00:00+01:00
3235873,MDG_0000000003,COUNTRY,CHN,WPR,YEAR,Western Pacific,SEX,SEX_FMLE,2010,AGEGROUP,AGEGROUP_YEARS15-19,,,,,5.9,5.929999828,,,China 2010 Census,2025-05-06T16:35:10.26+02:00,2010,2010-01-01T00:00:00+01:00,2010-12-31T00:00:00+01:00
3242848,MDG_0000000003,COUNTRY,TUR,EUR,YEAR,Europe,SEX,SEX_FMLE,2017,AGEGROUP,AGEGROUP_YEARS10-14,,,,,0.1,0.079999998,,,Registration Eurostat,2025-05-06T16:35:10.26+02:00,2017,2017-01-01T00:00:00+01:00,2017-12-31T00:00:00+01:00
3285554,MDG_0000000003,COUNTRY,PAK,EMR,YEAR,Eastern Mediterranean,SEX,SEX_FMLE,2015,AGEGROUP,AGEGROUP_YEARS10-14,,,,,0.6,0.563426256,,,Pakistan 2017-2018 Demographic and Health Survey,2025-05-06T16:35:10.26+02:00,2015,2015-01-01T00:00:00+01:00,2015-12-31T00:00:00+01:00
3307519,MDG_0000000003,COUNTRY,JPN,WPR,YEAR,Western Pacific,SEX,SEX_FMLE,2021,AGEGROUP,AGEGROUP_YEARS15-19,,,,,2.0,1.96120441,,,Registration National Statistics & WPP2024,2025-05-06T16:35:10.26+02:00,2021,2021-01-01T00:00:00+01:00,2021-12-31T00:00:00+01:00
3350729,MDG_0000000003,COUNTRY,CHL,AMR,YEAR,Americas,SEX,SEX_FMLE,2013,AGEGROUP,AGEGROUP_YEARS15-19,,,,,48.4,48.38999939,,,Registration National Statistics,2025-05-06T16:35:10.26+02:00,2013,2013-01-01T00:00:00+01:00,2013-12-31T00:00:00+01:00
3367713,MDG_0000000003,COUNTRY,BRA,AMR,YEAR,Americas,SEX,SEX_FMLE,2011,AGEGROUP,AGEGROUP_YEARS10-14,,,,,3.3,3.342624187,,,Registration National Statistics & WPP2024,2025-05-06T16:35:10.26+02:00,2011,2011-01-01T00:00:00+01:00,2011-12-31T00:00:00+01:00
3413002,MDG_0000000003,COUNTRY,JPN,WPR,YEAR,Western Pacific,SEX,SEX_FMLE,2016,AGEGROUP,AGEGROUP_YEARS15-19,,,,,3.8,3.799999952,,,Registration National Statistics,2025-05-06T16:35:10.26+02:00,2016,2016-01-01T00:00:00+01:00,2016-12-31T00:00:00+01:00
3435584,MDG_0000000003,COUNTRY,RWA,AFR,YEAR,Africa,SEX,SEX_FMLE,2017,AGEGROUP,AGEGROUP_YEARS15-19,,,,,35.2,35.15287018,,,Rwanda 2019-2020 Demographic and Health Survey,2025-05-06T16:35:10.26+02:00,2017,2017-01-01T00:00:00+01:00,2017-12-31T00:00:00+01:00
3537038,MDG_0000000003,COUNTRY,JPN,WPR,YEAR,Western Pacific,SEX,SEX_FMLE,2014,AGEGROUP,AGEGROUP_YEARS15-19,,,,,4.5,4.5,,,Registration National Statistics,2025-05-06T16:35:10.26+02:00,2014,2014-01-01T00:00:00+01:00,2014-12-31T00:00:00+01:00
3541041,MDG_0000000003,COUNTRY,MEX,AMR,YEAR,Americas,SEX,SEX_FMLE,2012,AGEGROUP,AGEGROUP_YEARS15-19,,,,,80.8,80.7958374,,,Registration National Statistics & WPP2024,2025-05-06T16:35:10.26+02:00,2012,2012-01-01T00:00:00+01:00,2012-12-31T00:00:00+01:00
3561401,MDG_0000000003,COUNTRY,KOR,WPR,YEAR,Western Pacific,SEX,SEX_FMLE,2019,AGEGROUP,AGEGROUP_YEARS10-14,,,,,0,0.0,,,Registration National Statistics & WPP2024,2025-05-06T16:35:10.26+02:00,2019,2019-01-01T00:00:00+01:00,2019-12-31T00:00:00+01:00
3574196,MDG_0000000003,COUNTRY,CHN,WPR,YEAR,Western Pacific,SEX,SEX_FMLE,2014,AGEGROUP,AGEGROUP_YEARS15-19,,,,,11.2,11.18999958,,,China 2014 Annual Population Change Survey (1‰ Survey),2025-05-06T16:35:10.26+02:00,2014,2014-01-01T00:00:00+01:00,2014-12-31T00:00:00+01:00
3634610,MDG_0000000003,COUNTRY,BGD,SEAR,YEAR,South-East Asia,SEX,SEX_FMLE,2016,AGEGROUP,AGEGROUP_YEARS10-14,,,,,1.6,1.557414889,,,Bangladesh 2019 Multiple Indicator Cluster Survey,2025-05-06T16:35:10.26+02:00,2016,2016-01-01T00:00:00+01:00,2016-12-31T00:00:00+01:00
3637539,MDG_0000000003,COUNTRY,BRA,AMR,YEAR,Americas,SEX,SEX_FMLE,2012,AGEGROUP,AGEGROUP_YEARS10-14,,,,,3.4,3.439130545,,,Registration National Statistics & WPP2024,2025-05-06T16:35:10.26+02:00,2012,2012-01-01T00:00:00+01:00,2012-12-31T00:00:00+01:00
3674704,MDG_0000000003,COUNTRY,PAK,EMR,YEAR,Eastern Mediterranean,SEX,SEX_FMLE,2016,AGEGROUP,AGEGROUP_YEARS10-14,,,,,0.4,0.399509966,,,Pakistan 2017-2018 Demographic and Health Survey,2025-05-06T16:35:10.26+02:00,2016,2016-01-01T00:00:00+01:00,2016-12-31T00:00:00+01:00
3685628,MDG_0000000003,COUNTRY,RWA,AFR,YEAR,Africa,SEX,SEX_FMLE,2012,AGEGROUP,AGEGROUP_YEARS10-14,,,,,0.4,0.350046486,,,Rwanda 2014-2015 Demographic and Health Survey,2025-05-06T16:35:10.26+02:00,2012,2012-01-01T00:00:00+01:00,2012-12-31T00:00:00+01:00
3710530,MDG_0000000003,COUNTRY,IND,SEAR,YEAR,South-East Asia,SEX,SEX_FMLE,2012,AGEGROUP,AGEGROUP_YEARS10-14,,,,,1.3,1.28605926,,,India 2019-2021 National Family Health Survey,2025-05-06T16:35:10.26+02:00,2012,2012-01-01T00:00:00+01:00,2012-12-31T00:00:00+01:00
3719294,MDG_0000000003,COUNTRY,PAK,EMR,YEAR,Eastern Mediterranean,SEX,SEX_FMLE,2018,AGEGROUP,AGEGROUP_YEARS15-19,,,,,54.0,54.0,,,Pakistan 2018-2019 Living Standards Measurement Survey,2025-05-06T16:35:10.26+02:00,2018,2018-01-01T00:00:00+01:00,2018-12-31T00:00:00+01:00
3737328,MDG_0000000003,COUNTRY,NGA,AFR,YEAR,Africa,SEX,SEX_FMLE,2016,AGEGROUP,AGEGROUP_YEARS15-19,,,,,117.8,117.7842712,,,Nigeria 2018 Demographic and Health Survey,2025-05-06T16:35:10.26+02:00,2016,2016-01-01T00:00:00+01:00,2016-12-31T00:00:00+01:00
3755108,MDG_0000000003,COUNTRY,KOR,WPR,YEAR,Western Pacific,SEX,SEX_FMLE,2018,AGEGROUP,AGEGROUP_YEARS15-19,,,,,0.9,0.945238352,,,Registration National Statistics & WPP2024,2025-05-06T16:35:10.26+02:00,2018,2018-01-01T00:00:00+01:00,2018-12-31T00:00:00+01:00
3774943,MDG_0000000003,COUNTRY,TUR,EUR,YEAR,Europe,SEX,SEX_FMLE,2013,AGEGROUP,AGEGROUP_YEARS10-14,,,,,0.1,0.100000001,,,Registration Eurostat,2025-05-06T16:35:10.26+02:00,2013,2013-01-01T00:00:00+01:00,2013-12-31T00:00:00+01:00
3811252,MDG_0000000003,COUNTRY,KEN,AFR,YEAR,Africa,SEX,SEX_FMLE,2012,AGEGROUP,AGEGROUP_YEARS15-19,,,,,100.7,100.734108,,,Kenya 2014 Demographic and Health Survey,2025-05-06T16:35:10.26+02:00,2012,2012-01-01T00:00:00+01:00,2012-12-31T00:00:00+01:00
3819187,MDG_0000000003,COUNTRY,MEX,AMR,YEAR,Americas,SEX,SEX_FMLE,2013,AGEGROUP,AGEGROUP_YEARS15-19,,,,,79.1,79.08000946,,,Registration National Statistics & WPP2024,2025-05-06T16:35:10.26+02:00,2013,2013-01-01T00:00:00+01:00,2013-12-31T00:00:00+01:00
3831650,MDG_0000000003,COUNTRY,PHL,WPR,YEAR,Western Pacific,SEX,SEX_FMLE,2016,AGEGROUP,AGEGROUP_YEARS15-19,,,,,46.9,46.89332962,,,Philippines 2017 Demographic and Health Survey,2025-05-06T16:35:10.26+02:00,2016,2016-01-01T00:00:00+01:00,2016-12-31T00:00:00+01:00
3844372,MDG_0000000003,COUNTRY,THA,SEAR,YEAR,South-East Asia,SEX,SEX_FMLE,2011,AGEGROUP,AGEGROUP_YEARS15-19,,,,,53.4,53.40000153,,,Registration National Statistics,2025-05-06T16:35:10.26+02:00,2011,2011-01-01T00:00:00+01:00,2011-12-31T00:00:00+01:00
3849465,MDG_0000000003,COUNTRY,MEX,AMR,YEAR,Americas,SEX,SEX_FMLE,2014,AGEGROUP,AGEGROUP_YEARS15-19,,,,,75.7,75.74388885,,,Registration National Statistics & WPP2024,2025-05-06T16:35:10.26+02:00,2014,2014-01-01T00:00:00+01:00,2014-12-31T00:00:00+01:00
3873495,MDG_0000000003,COUNTRY,CHL,AMR,YEAR,Americas,SEX,SEX_FMLE,2014,AGEGROUP,AGEGROUP_YEARS10-14,,,,,1.4,1.427103639,,,Registration National Statistics & WPP2024,2025-05-06T16:35:10.26+02:00,2014,2014-01-01T00:00:00+01:00,2014-12-31T00:00:00+01:00
3881589,MDG_0000000003,COUNTRY,NGA,AFR,YEAR,Africa,SEX,SEX_FMLE,2013,AGEGROUP,AGEGROUP_YEARS15-19,,,,,149.9,149.9247894,,,Nigeria 2015 Malaria Indicators Survey,2025-05-06T16:35:10.26+02:00,2013,2013-01-01T00:00:00+01:00,2013-12-31T00:00:00+01:00
3904003,MDG_0000000003,COUNTRY,CHL,AMR,YEAR,Americas,SEX,SEX_FMLE,2010,AGEGROUP,AGEGROUP_YEARS10-14,,,,,1.5,1.496850729,,,Registration National Statistics & WPP2024,2025-05-06T16:35:10.26+02:00,2010,2010-01-01T00:00:00+01:00,2010-12-31T00:00:00+01:00
3908851,MDG_0000000003,COUNTRY,COL,AMR,YEAR,Americas,SEX,SEX_FMLE,2012,AGEGROUP,AGEGROUP_YEARS10-14,,,,,3.2,3.175925016,,,Registration National Statistics & WPP2024,2025-05-06T16:35:10.26+02:00,2012,2012-01-01T00:00:00+01:00,2012-12-31T00:00:00+01:00
3916351,MDG_0000000003,COUNTRY,GHA,AFR,YEAR,Africa,SEX,SEX_FMLE,2013,AGEGROUP,AGEGROUP_YEARS15-19,,,,,76.3,76.29815674,,,Ghana 2014 Demographic and Health Survey,2025-05-06T16:35:10.26+02:00,2013,2013-01-01T00:00:00+01:00,2013-12-31T00:00:00+01:00
3921156,MDG_0000000003,COUNTRY,BRA,AMR,YEAR,Americas,SEX,SEX_FMLE,2010,AGEGROUP,AGEGROUP_YEARS10-14,,,,,3.2,3.228905439,,,Registration National Statistics & WPP2024,2025-05-06T16:35:10.26+02:00,2010,2010-01-01T00:00:00+01:00,2010-12-31T00:00:00+01:00
3945305,MDG_0000000003,COUNTRY,NGA,AFR,YEAR,Africa,SEX,SEX_FMLE,2015,AGEGROUP,AGEGROUP_YEARS15-19,,,,,119.7,119.6623993,,,Nigeria 2016-2017 Multiple Indicator Cluster Survey,2025-05-06T16:35:10.26+02:00,2015,2015-01-01T00:00:00+01:00,2015-12-31T00:00:00+01:00
3955863,MDG_0000000003,COUNTRY,RWA,AFR,YEAR,Africa,SEX,SEX_FMLE,2023,AGEGROUP,AGEGROUP_YEARS10-14,,,,,0.1,0.092828102,,,Registration National Statistics & WPP2024,2025-05-06T16:35:10.26+02:00,2023,2023-01-01T00:00:00+01:00,2023-12-31T00:00:00+01:00
3989395,MDG_0000000003,COUNTRY,NGA,AFR,YEAR,Africa,SEX,SEX_FMLE,2016,AGEGROUP,AGEGROUP_YEARS10-14,,,,,2.4,2.407334566,,,Nigeria 2018 Demographic and Health Survey,2025-05-06T16:35:10.26+02:00,2016,2016-01-01T00:00:00+01:00,2016-12-31T00:00:00+01:00
4008360,MDG_0000000003,COUNTRY,BRA,AMR,YEAR,Americas,SEX,SEX_FMLE,2019,AGEGROUP,AGEGROUP_YEARS10-14,,,,,2.6,2.629413128,,,Registration National Statistics & WPP2024,2025-05-06T16:35:10.26+02:00,2019,2019-01-01T00:00:00+01:00,2019-12-31T00:00:00+01:00
4028702,MDG_0000000003,COUNTRY,TUR,EUR,YEAR,Europe,SEX,SEX_FMLE,2013,AGEGROUP,AGEGROUP_YEARS15-19,,,,,28.0,28.04000092,,,Registration Eurostat,2025-05-06T16:35:10.26+02:00,2013,2013-01-01T00:00:00+01:00,2013-12-31T00:00:00+01:00
4036731,MDG_0000000003,COUNTRY,BRA,AMR,YEAR,Americas,SEX,SEX_FMLE,2022,AGEGROUP,AGEGROUP_YEARS10-14,,,,,2.0,2.008116245,,,Registration National Statistics & WPP2024,2025-05-06T16:35:10.26+02:00,2022,2022-01-01T00:00:00+01:00,2022-12-31T00:00:00+01:00
4060523,MDG_0000000003,COUNTRY,PHL,WPR,YEAR,Western Pacific,SEX,SEX_FMLE,2010,AGEGROUP,AGEGROUP_YEARS10-14,,,,,0.8,0.792322397,,,Philippines 2017 Demographic and Health Survey,2025-05-06T16:35:10.26+02:00,2010,2010-01-01T00:00:00+01:00,2010-12-31T00:00:00+01:00
4073076,MDG_0000000003,COUNTRY,SGP,WPR,YEAR,Western Pacific,SEX,SEX_FMLE,2011,AGEGROUP,AGEGROUP_YEARS15-19,,,,,4.7,4.699999809,,,Registration National Statistics,2025-05-06T16:35:10.26+02:00,2011,2011-01-01T00:00:00+01:00,2011-12-31T00:00:00+01:00
4095132,MDG_0000000003,COUNTRY,RWA,AFR,YEAR,Africa,SEX,SEX_FMLE,2021,AGEGROUP,AGEGROUP_YEARS10-14,,,,,0.2,0.226789817,,,Registration National Statistics & WPP2024,2025-05-06T16:35:10.26+02:00,2021,2021-01-01T00:00:00+01:00,2021-12-31T00:00:00+01:00
4122411,MDG_0000000003,COUNTRY,CHN,WPR,YEAR,Western Pacific,SEX,SEX_FMLE,2017,AGEGROUP,AGEGROUP_YEARS15-19,,,,,8.5,8.489999771,,,China 2017 Annual Population Change Survey (1‰ Survey),2025-05-06T16:35:10.26+02:00,2017,2017-01-01T00:00:00+01:00,2017-12-31T00:00:00+01:00
4127424,MDG_0000000003,COUNTRY,AFG,EMR,YEAR,Eastern Mediterranean,SEX,SEX_FMLE,2013,AGEGROUP,AGEGROUP_YEARS15-19,,,,,86.8,86.76317596,,,Afghanistan 2015 Demographic and Health Survey,2025-05-06T16:35:10.26+02:00,2013,2013-01-01T00:00:00+01:00,2013-12-31T00:00:00+01:00
4161976,MDG_0000000003,COUNTRY,CHL,AMR,YEAR,Americas,SEX,SEX_FMLE,2021,AGEGROUP,AGEGROUP_YEARS10-14,,,,,0.3,0.269138634,,,Registration National Statistics & WPP2024,2025-05-06T16:35:10.26+02:00,2021,2021-01-01T00:00:00+01:00,2021-12-31T00:00:00+01:00
4181456,MDG_0000000003,COUNTRY,BRA,AMR,YEAR,Americas,SEX,SEX_FMLE,2019,AGEGROUP,AGEGROUP_YEARS15-19,,,,,50.8,50.82396698,,,Registration National Statistics & WPP2024,2025-05-06T16:35:10.26+02:00,2019,2019-01-01T00:00:00+01:00,2019-12-31T00:00:00+01:00
4186620,MDG_0000000003,COUNTRY,BGD,SEAR,YEAR,South-East Asia,SEX,SEX_FMLE,2019,AGEGROUP,AGEGROUP_YEARS15-19,,,,,74.0,74.0,,,Bangladesh Sample Vital Registration System,2025-05-06T16:35:10.26+02:00,2019,2019-01-01T00:00:00+01:00,2019-12-31T00:00:00+01:00
4228612,MDG_0000000003,COUNTRY,KOR,WPR,YEAR,Western Pacific,SEX,SEX_FMLE,2010,AGEGROUP,AGEGROUP_YEARS15-19,,,,,1.8,1.799999952,,,Registration National Statistics,2025-05-06T16:35:10.26+02:00,2010,2010-01-01T00:00:00+01:00,2010-12-31T00:00:00+01:00
4233939,MDG_0000000003,COUNTRY,IND,SEAR,YEAR,South-East Asia,SEX,SEX_FMLE,2016,AGEGROUP,AGEGROUP_YEARS15-19,,,,,10.7,10.69999981,,,India Sample Registration System,2025-05-06T16:35:10.26+02:00,2016,2016-01-01T00:00:00+01:00,2016-12-31T00:00:00+01:00
4250014,MDG_0000000003,COUNTRY,CHL,AMR,YEAR,Americas,SEX,SEX_FMLE,2017,AGEGROUP,AGEGROUP_YEARS15-19,,,,,26.9,26.88918686,,,Registration UNSD,2025-05-06T16:35:10.26+02:00,2017,2017-01-01T00:00:00+01:00,2017-12-31T00:00:00+01:00
4265547,MDG_0000000003,COUNTRY,SGP,WPR,YEAR,Western Pacific,SEX,SEX_FMLE,2017,AGEGROUP,AGEGROUP_YEARS10-14,,,,,0.1,0.101981133,,,Registration National Statistics & WPP2024,2025-05-06T16:35:10.26+02:00,2017,2017-01-01T00:00:00+01:00,2017-12-31T00:00:00+01:00
4282229,MDG_0000000003,COUNTRY,SGP,WPR,YEAR,Western Pacific,SEX,SEX_FMLE,2014,AGEGROUP,AGEGROUP_YEARS10-14,,,,,0.0,0.048155099,,,Registration National Statistics & WPP2024,2025-05-06T16:35:10.26+02:00,2014,2014-01-01T00:00:00+01:00,2014-12-31T00:00:00+01:00
4300062,MDG_0000000003,COUNTRY,THA,SEAR,YEAR,South-East Asia,SEX,SEX_FMLE,2012,AGEGROUP,AGEGROUP_YEARS10-14,,,,,0,0.0,,,Registration National Statistics & WPP2024,2025-05-06T16:35:10.26+02:00,2012,2012-01-01T00:00:00+01:00,2012-12-31T00:00:00+01:00
4346941,MDG_0000000003,COUNTRY,KEN,AFR,YEAR,Africa,SEX,SEX_FMLE,2013,AGEGROUP,AGEGROUP_YEARS10-14,,,,,3.4,3.444386244,,,Kenya 2015 Malaria Indicators Survey,2025-05-06T16:35:10.26+02:00,2013,2013-01-01T00:00:00+01:00,2013-12-31T00:00:00+01:00
4350604,MDG_0000000003,COUNTRY,MDG,AFR,YEAR,Africa,SEX,SEX_FMLE,2014,AGEGROUP,AGEGROUP_YEARS10-14,,,,,15.1,15.11297989,,,Madagascar 2018 Multiple Indicator Cluster Survey,2025-05-06T16:35:10.26+02:00,2014,2014-01-01T00:00:00+01:00,2014-12-31T00:00:00+01:00
4351793,MDG_0000000003,COUNTRY,BGD,SEAR,YEAR,South-East Asia,SEX,SEX_FMLE,2014,AGEGROUP,AGEGROUP_YEARS15-19,,,,,103.1,103.0680771,,,Bangladesh 2019 Multiple Indicator Cluster Survey,2025-05-06T16:35:10.26+02:00,2014,2014-01-01T00:00:00+01:00,2014-12-31T00:00:00+01:00
4354260,MDG_0000000003,COUNTRY,RWA,AFR,YEAR,Africa,SEX,SEX_FMLE,2010,AGEGROUP,AGEGROUP_YEARS15-19,,,,,41.9,41.94511795,,,Rwanda 2014-2015 Demographic and Health Survey,2025-05-06T16:35:10.26+02:00,2010,2010-01-01T00:00:00+01:00,2010-12-31T00:00:00+01:00
4377974,MDG_0000000003,COUNTRY,GHA,AFR,YEAR,Africa,SEX,SEX_FMLE,2018,AGEGROUP,AGEGROUP_YEARS10-14,,,,,0.7,0.669691563,,,Ghana 2019 Malaria Indicators Survey,2025-05-06T16:35:10.26+02:00,2018,2018-01-01T00:00:00+01:00,2018-12-31T00:00:00+01:00
4381153,MDG_0000000003,COUNTRY,POL,EUR,YEAR,Europe,SEX,SEX_FMLE,2022,AGEGROUP,AGEGROUP_YEARS15-19,,,,,6.1,6.059999943,,,Registration Eurostat,2025-05-06T16:35:10.26+02:00,2022,2022-01-01T00:00:00+01:00,2022-12-31T00:00:00+01:00
4381267,MDG_0000000003,COUNTRY,EGY,EMR,YEAR,Eastern Mediterranean,SEX,SEX_FMLE,2020,AGEGROUP,AGEGROUP_YEARS15-19,,,,,50.0,50.0,,,Egypt 2021 Family Health Survey,2025-05-06T16:35:10.26+02:00,2020,2020-01-01T00:00:00+01:00,2020-12-31T00:00:00+01:00
4397423,MDG_0000000003,COUNTRY,JPN,WPR,YEAR,Western Pacific,SEX,SEX_FMLE,2015,AGEGROUP,AGEGROUP_YEARS15-19,,,,,4.1,4.099999905,,,Registration National Statistics,2025-05-06T16:35:10.26+02:00,2015,2015-01-01T00:00:00+01:00,2015-12-31T00:00:00+01:00
4451557,MDG_0000000003,COUNTRY,BRA,AMR,YEAR,Americas,SEX,SEX_FMLE,2018,AGEGROUP,AGEGROUP_YEARS15-19,,,,,54.2,54.21180344,,,Registration National Statistics & WPP2024,2025-05-06T16:35:10.26+02:00,2018,2018-01-01T00:00:00+01:00,2018-12-31T00:00:00+01:00
4462720,MDG_0000000003,COUNTRY,GHA,AFR,YEAR,Africa,SEX,SEX_FMLE,2010,AGEGROUP,AGEGROUP_YEARS15-19,,,,,70.8,70.81497955,,,Ghana 2014 Demographic and Health Survey,2025-05-06T16:35:10.26+02:00,2010,2010-01-01T00:00:00+01:00,2010-12-31T00:00:00+01:00
4478567,MDG_0000000003,COUNTRY,GHA,AFR,YEAR,Africa,SEX,SEX_FMLE,2021,AGEGROUP,AGEGROUP_YEARS10-14,,,,,2.0,2.0,,,Ghana 2022 Demographic and Health Survey,2025-05-06T16:35:10.26+02:00,2021,2021-01-01T00:00:00+01:00,2021-12-31T00:00:00+01:00
4493596,MDG_0000000003,COUNTRY,BRA,AMR,YEAR,Americas,SEX,SEX_FMLE,2013,AGEGROUP,AGEGROUP_YEARS15-19,,,,,63.8,63.78044891,,,Registration National Statistics & WPP2024,2025-05-06T16:35:10.26+02:00,2013,2013-01-01T00:00:00+01:00,2013-12-31T00:00:00+01:00
4497157,MDG_0000000003,COUNTRY,BGD,SEAR,YEAR,South-East Asia,SEX,SEX_FMLE,2012,AGEGROUP,AGEGROUP_YEARS10-14,,,,,9.0,8.967593193,,,Bangladesh 2014 Demographic and Health Survey,2025-05-06T16:35:10.26+02:00,2012,2012-01-01T00:00:00+01:00,2012-12-31T00:00:00+01:00
4500650,MDG_0000000003,COUNTRY,KOR,WPR,YEAR,Western Pacific,SEX,SEX_FMLE,2021,AGEGROUP,AGEGROUP_YEARS15-19,,,,,0.4,0.428898215,,,Registration National Statistics & WPP2024,2025-05-06T16:35:10.26+02:00,2021,2021-01-01T00:00:00+01:00,2021-12-31T00:00:00+01:00
4569138,MDG_0000000003,COUNTRY,JPN,WPR,YEAR,Western Pacific,SEX,SEX_FMLE,2020,AGEGROUP,AGEGROUP_YEARS10-14,,,,,0,0.0,,,Registration National Statistics & WPP2024,2025-05-06T16:35:10.26+02:00,2020,2020-01-01T00:00:00+01:00,2020-12-31T00:00:00+01:00
4600490,MDG_0000000003,COUNTRY,JPN,WPR,YEAR,Western Pacific,SEX,SEX_FMLE,2011,AGEGROUP,AGEGROUP_YEARS15-19,,,,,4.5,4.5,,,Registration National Statistics,2025-05-06T16:35:10.26+02:00,2011,2011-01-01T00:00:00+01:00,2011-12-31T00:00:00+01:00
4605034,MDG_0000000003,COUNTRY,UGA,AFR,YEAR,Africa,SEX,SEX_FMLE,2012,AGEGROUP,AGEGROUP_YEARS15-19,,,,,143.7,143.724411,,,Uganda 2014-2015 Malaria Indicators Survey,2025-05-06T16:35:10.26+02:00,2012,2012-01-01T00:00:00+01:00,2012-12-31T00:00:00+01:00
4633562,MDG_0000000003,COUNTRY,MEX,AMR,YEAR,Americas,SEX,SEX_FMLE,2019,AGEGROUP,AGEGROUP_YEARS10-14,,,,,1.0,0.958170772,,,Registration National Statistics & WPP2024,2025-05-06T16:35:10.26+02:00,2019,2019-01-01T00:00:00+01:00,2019-12-31T00:00:00+01:00
4634060,MDG_0000000003,COUNTRY,IND,SEAR,YEAR,South-East Asia,SEX,SEX_FMLE,2014,AGEGROUP,AGEGROUP_YEARS15-19,,,,,27.3,27.29999924,,,India Sample Registration System,2025-05-06T16:35:10.26+02:00,2014,2014-01-01T00:00:00+01:00,2014-12-31T00:00:00+01:00
4706302,MDG_0000000003,COUNTRY,PHL,WPR,YEAR,Western Pacific,SEX,SEX_FMLE,2012,AGEGROUP,AGEGROUP_YEARS10-14,,,,,0.8,0.774243832,,,Philippines 2013 Demographic and Health Survey,2025-05-06T16:35:10.26+02:00,2012,2012-01-01T00:00:00+01:00,2012-12-31T00:00:00+01:00
4723392,MDG_0000000003,COUNTRY,NGA,AFR,YEAR,Africa,SEX,SEX_FMLE,2013,AGEGROUP,AGEGROUP_YEARS10-14,,,,,14.7,14.69919491,,,Nigeria 2015 Malaria Indicators Survey,2025-05-06T16:35:10.26+02:00,2013,2013-01-01T00:00:00+01:00,2013-12-31T00:00:00+01:00
4732478,MDG_0000000003,COUNTRY,TUR,EUR,YEAR,Europe,SEX,SEX_FMLE,2022,AGEGROUP,AGEGROUP_YEARS15-19,,,,,12.2,12.22000027,,,Registration Eurostat,2025-05-06T16:35:10.26+02:00,2022,2022-01-01T00:00:00+01:00,2022-12-31T00:00:00+01:00
4764648,MDG_0000000003,COUNTRY,PHL,WPR,YEAR,Western Pacific,SEX,SEX_FMLE,2022,AGEGROUP,AGEGROUP_YEARS10-14,,,,,0.5,0.542743921,,,Registration National Statistics & WPP2024,2025-05-06T16:35:10.26+02:00,2022,2022-01-01T00:00:00+01:00,2022-12-31T00:00:00+01:00
4783953,MDG_0000000003,COUNTRY,IND,SEAR,YEAR,South-East Asia,SEX,SEX_FMLE,2017,AGEGROUP,AGEGROUP_YEARS15-19,,,,,13.0,13.0,,,India Sample Registration System,2025-05-06T16:35:10.26+02:00,2017,2017-01-01T00:00:00+01:00,2017-12-31T00:00:00+01:00
4799812,MDG_0000000003,COUNTRY,KOR,WPR,YEAR,Western Pacific,SEX,SEX_FMLE,2014,AGEGROUP,AGEGROUP_YEARS10-14,,,,,0,0.0,,,Registration National Statistics & WPP2024,2025-05-06T16:35:10.26+02:00,2014,2014-01-01T00:00:00+01:00,2014-12-31T00:00:00+01:00
4804969,MDG_0000000003,COUNTRY,MEX,AMR,YEAR,Americas,SEX,SEX_FMLE,2018,AGEGROUP,AGEGROUP_YEARS15-19,,,,,57.3,57.34866333,,,Registration National Statistics & WPP2024,2025-05-06T16:35:10.26+02:00,2018,2018-01-01T00:00:00+01:00,2018-12-31T00:00:00+01:00
4887732,MDG_0000000003,COUNTRY,MEX,AMR,YEAR,Americas,SEX,SEX_FMLE,2018,AGEGROUP,AGEGROUP_YEARS10-14,,,,,1.1,1.095056891,,,Registration National Statistics & WPP2024,2025-05-06T16:35:10.26+02:00,2018,2018-01-01T00:00:00+01:00,2018-12-31T00:00:00+01:00
4904944,MDG_0000000003,COUNTRY,COL,AMR,YEAR,Americas,SEX,SEX_FMLE,2020,AGEGROUP,AGEGROUP_YEARS15-19,,,,,53.9,53.89091492,,,Registration National Statistics & WPP2024,2025-05-06T16:35:10.26+02:00,2020,2020-01-01T00:00:00+01:00,2020-12-31T00:00:00+01:00
4921151,MDG_0000000003,COUNTRY,MEX,AMR,YEAR,Americas,SEX,SEX_FMLE,2017,AGEGROUP,AGEGROUP_YEARS15-19,,,,,61.8,61.75889206,,,Registration National Statistics & WPP2024,2025-05-06T16:35:10.26+02:00,2017,2017-01-01T00:00:00+01:00,2017-12-31T00:00:00+01:00
4930071,MDG_0000000003,COUNTRY,JPN,WPR,YEAR,Western Pacific,SEX,SEX_FMLE,2017,AGEGROUP,AGEGROUP_YEARS15-19,,,,,3.4,3.36552906,,,Registration UNSD,2025-05-06T16:35:10.26+02:00,2017,2017-01-01T00:00:00+01:00,2017-12-31T00:00:00+01:00
4938245,MDG_0000000003,COUNTRY,TUR,EUR,YEAR,Europe,SEX,SEX_FMLE,2015,AGEGROUP,AGEGROUP_YEARS10-14,,,,,0.1,0.079999998,,,Registration Eurostat,2025-05-06T16:35:10.26+02:00,2015,2015-01-01T00:00:00+01:00,2015-12-31T00:00:00+01:00
4941650,MDG_0000000003,COUNTRY,KEN,AFR,YEAR,Africa,SEX,SEX_FMLE,2021,AGEGROUP,AGEGROUP_YEARS15-19,,,,,51.3,51.33354568,,,Registration National Statistics & WPP2024,2025-05-06T16:35:10.26+02:00,2021,2021-01-01T00:00:00+01:00,2021-12-31T00:00:00+01:00
4944374,MDG_0000000003,COUNTRY,IND,SEAR,YEAR,South-East Asia,SEX,SEX_FMLE,2018,AGEGROUP,AGEGROUP_YEARS15-19,,,,,12.2,12.19999981,,,India Sample Registration System,2025-05-06T16:35:10.26+02:00,2018,2018-01-01T00:00:00+01:00,2018-12-31T00:00:00+01:00
5014006,MDG_0000000003,COUNTRY,BRA,AMR,YEAR,Americas,SEX,SEX_FMLE,2010,AGEGROUP,AGEGROUP_YEARS15-19,,,,,63.2,63.1554451,,,Registration National Statistics & WPP2024,2025-05-06T16:35:10.26+02:00,2010,2010-01-01T00:00:00+01:00,2010-12-31T00:00:00+01:00
5017465,MDG_0000000003,COUNTRY,MDG,AFR,YEAR,Africa,SEX,SEX_FMLE,2018,AGEGROUP,AGEGROUP_YEARS15-19,,,,,143.5,143.4559784,,,Madagascar 2021 Demographic and Health Survey,2025-05-06T16:35:10.26+02:00,2018,2018-01-01T00:00:00+01:00,2018-12-31T00:00:00+01:00
5018446,MDG_0000000003,COUNTRY,IND,SEAR,YEAR,South-East Asia,SEX,SEX_FMLE,2010,AGEGROUP,AGEGROUP_YEARS15-19,,,,,37.2,37.20000076,,,India Sample Registration System,2025-05-06T16:35:10.26+02:00,2010,2010-01-01T00:00:00+01:00,2010-12-31T00:00:00+01:00
5055475,MDG_0000000003,COUNTRY,KOR,WPR,YEAR,Western Pacific,SEX,SEX_FMLE,2013,AGEGROUP,AGEGROUP_YEARS15-19,,,,,1.7,1.700000048,,,Registration National Statistics,2025-05-06T16:35:10.26+02:00,2013,2013-01-01T00:00:00+01:00,2013-12-31T00:00:00+01:00
5092368,MDG_0000000003,COUNTRY,BRA,AMR,YEAR,Americas,SEX,SEX_FMLE,2017,AGEGROUP,AGEGROUP_YEARS15-19,,,,,56.2,56.16882706,,,Registration National Statistics & WPP2024,2025-05-06T16:35:10.26+02:00,2017,2017-01-01T00:00:00+01:00,2017-12-31T00:00:00+01:00
5096198,MDG_0000000003,COUNTRY,UGA,AFR,YEAR,Africa,SEX,SEX_FMLE,2015,AGEGROUP,AGEGROUP_YEARS15-19,,,,,131.5,131.5472107,,,Uganda 2016 Demographic and Health Survey,2025-05-06T16:35:10.26+02:00,2015,2015-01-01T00:00:00+01:00,2015-12-31T00:00:00+01:00
5117048,MDG_0000000003,COUNTRY,THA,SEAR,YEAR,South-East Asia,SEX,SEX_FMLE,2018,AGEGROUP,AGEGROUP_YEARS15-19,,,,,31.0,30.97872543,,,Registration National Statistics & WPP2024,2025-05-06T16:35:10.26+02:00,2018,2018-01-01T00:00:00+01:00,2018-12-31T00:00:00+01:00
5125943,MDG_0000000003,COUNTRY,KEN,AFR,YEAR,Africa,SEX,SEX_FMLE,2010,AGEGROUP,AGEGROUP_YEARS15-19,,,,,110.8,110.7751465,,,Kenya 2014 Demographic and Health Survey,2025-05-06T16:35:10.26+02:00,2010,2010-01-01T00:00:00+01:00,2010-12-31T00:00:00+01:00
5144920,MDG_0000000003,COUNTRY,KEN,AFR,YEAR,Africa,SEX,SEX_FMLE,2014,AGEGROUP,AGEGROUP_YEARS10-14,,,,,2.0,2.029648542,,,Kenya 2015 Malaria Indicators Survey,2025-05-06T16:35:10.26+02:00,2014,2014-01-01T00:00:00+01:00,2014-12-31T00:00:00+01:00
5178260,MDG_0000000003,COUNTRY,JPN,WPR,YEAR,Western Pacific,SEX,SEX_FMLE,2018,AGEGROUP,AGEGROUP_YEARS15-19,,,,,3.0,2.988654375,,,Registration National Statistics & WPP2024,2025-05-06T16:35:10.26+02:00,2018,2018-01-01T00:00:00+01:00,2018-12-31T00:00:00+01:00
5178677,MDG_0000000003,COUNTRY,BRA,AMR,YEAR,Americas,SEX,SEX_FMLE,2022,AGEGROUP,AGEGROUP_YEARS15-19,,,,,40.2,40.1729126,,,Registration National Statistics & WPP2024,2025-05-06T16:35:10.26+02:00,2022,2022-01-01T00:00:00+01:00,2022-12-31T00:00:00+01:00
5220642,MDG_0000000003,COUNTRY,BRA,AMR,YEAR,Americas,SEX,SEX_FMLE,2021,AGEGROUP,AGEGROUP_YEARS10-14,,,,,2.4,2.431262016,,,Registration National Statistics & WPP2024,2025-05-06T16:35:10.26+02:00,2021,2021-01-01T00:00:00+01:00,2021-12-31T00:00:00+01:00
5239722,MDG_0000000003,COUNTRY,MEX,AMR,YEAR,Americas,SEX,SEX_FMLE,2015,AGEGROUP,AGEGROUP_YEARS10-14,,,,,1.3,1.292536974,,,Registration National Statistics & WPP2024,2025-05-06T16:35:10.26+02:00,2015,2015-01-01T00:00:00+01:00,2015-12-31T00:00:00+01:00
5255217,MDG_0000000003,COUNTRY,KEN,AFR,YEAR,Africa,SEX,SEX_FMLE,2021,AGEGROUP,AGEGROUP_YEARS10-14,,,,,1.0,0.966705382,,,Registration National Statistics & WPP2024,2025-05-06T16:35:10.26+02:00,2021,2021-01-01T00:00:00+01:00,2021-12-31T00:00:00+01:00
5271498,MDG_0000000003,COUNTRY,SGP,WPR,YEAR,Western Pacific,SEX,SEX_FMLE,2012,AGEGROUP,AGEGROUP_YEARS10-14,,,,,0.1,0.079521582,,,Registration National Statistics & WPP2024,2025-05-06T16:35:10.26+02:00,2012,2012-01-01T00:00:00+01:00,2012-12-31T00:00:00+01:00
5299843,MDG_0000000003,COUNTRY,KOR,WPR,YEAR,Western Pacific,SEX,SEX_FMLE,2018,AGEGROUP,AGEGROUP_YEARS10-14,,,,,0,0.0,,,Registration National Statistics & WPP2024,2025-05-06T16:35:10.26+02:00,2018,2018-01-01T00:00:00+01:00,2018-12-31T00:00:00+01:00
5309017,MDG_0000000003,COUNTRY,COL,AMR,YEAR,Americas,SEX,SEX_FMLE,2014,AGEGROUP,AGEGROUP_YEARS15-19,,,,,68.9,68.88673401,,,Registration National Statistics & WPP2024,2025-05-06T16:35:10.26+02:00,2014,2014-01-01T00:00:00+01:00,2014-12-31T00:00:00+01:00
5340112,MDG_0000000003,COUNTRY,PHL,WPR,YEAR,Western Pacific,SEX,SEX_FMLE,2020,AGEGROUP,AGEGROUP_YEARS10-14,,,,,0.4,0.373113155,,,Registration National Statistics & WPP2024,2025-05-06T16:35:10.26+02:00,2020,2020-01-01T00:00:00+01:00,2020-12-31T00:00:00+01:00
5373427,MDG_0000000003,COUNTRY,BGD,SEAR,YEAR,South-East Asia,SEX,SEX_FMLE,2013,AGEGROUP,AGEGROUP_YEARS10-14,,,,,7.8,7.785407543,,,Bangladesh 2017-2018 Demographic and Health Survey,2025-05-06T16:35:10.26+02:00,2013,2013-01-01T00:00:00+01:00,2013-12-31T00:00:00+01:00
5374239,MDG_0000000003,COUNTRY,PHL,WPR,YEAR,Western Pacific,SEX,SEX_FMLE,2022,AGEGROUP,AGEGROUP_YEARS15-19,,,,,27.0,26.97403908,,,Registration National Statistics & WPP2024,2025-05-06T16:35:10.26+02:00,2022,2022-01-01T00:00:00+01:00,2022-12-31T00:00:00+01:00
5390494,MDG_0000000003,COUNTRY,IND,SEAR,YEAR,South-East Asia,SEX,SEX_FMLE,2017,AGEGROUP,AGEGROUP_YEARS10-14,,,,,0.3,0.300938934,,,India 2019-2021 National Family Health Survey,2025-05-06T16:35:10.26+02:00,2017,2017-01-01T00:00:00+01:00,2017-12-31T00:00:00+01:00
5403215,MDG_0000000003,COUNTRY,POL,EUR,YEAR,Europe,SEX,SEX_FMLE,2020,AGEGROUP,AGEGROUP_YEARS10-14,,,,,0.0,0.039999999,,,Registration Eurostat,2025-05-06T16:35:10.26+02:00,2020,2020-01-01T00:00:00+01:00,2020-12-31T00:00:00+01:00
5405835,MDG_0000000003,COUNTRY,SGP,WPR,YEAR,Western Pacific,SEX,SEX_FMLE,2010,AGEGROUP,AGEGROUP_YEARS15-19,,,,,4.8,4.800000191,,,Registration National Statistics,2025-05-06T16:35:10.26+02:00,2010,2010-01-01T00:00:00+01:00,2010-12-31T00:00:00+01:00
5411908,MDG_0000000003,COUNTRY,THA,SEAR,YEAR,South-East Asia,SEX,SEX_FMLE,2012,AGEGROUP,AGEGROUP_YEARS15-19,,,,,53.4,53.40000153,,,Registration National Statistics,2025-05-06T16:35:10.26+02:00,2012,2012-01-01T00:00:00+01:00,2012-12-31T00:00:00+01:00
5427265,MDG_0000000003,COUNTRY,UGA,AFR,YEAR,Africa,SEX,SEX_FMLE,2017,AGEGROUP,AGEGROUP_YEARS15-19,,,,,111.4,111.4173431,,,Uganda 2018-2019 Malaria Indicators Survey,2025-05-06T16:35:10.26+02:00,2017,2017-01-01T00:00:00+01:00,2017-12-31T00:00:00+01:00
5431358,MDG_0000000003,COUNTRY,THA,SEAR,YEAR,South-East Asia,SEX,SEX_FMLE,2013,AGEGROUP,AGEGROUP_YEARS10-14,,,,,0,0.0,,,Registration National Statistics & WPP2024,2025-05-06T16:35:10.26+02:00,2013,2013-01-01T00:00:00+01:00,2013-12-31T00:00:00+01:00
5433592,MDG_0000000003,COUNTRY,MEX,AMR,YEAR,Americas,SEX,SEX_FMLE,2020,AGEGROUP,AGEGROUP_YEARS10-14,,,,,0.7,0.731311142,,,Registration National Statistics & WPP2024,2025-05-06T16:35:10.26+02:00,2020,2020-01-01T00:00:00+01:00,2020-12-31T00:00:00+01:00
5452840,MDG_0000000003,COUNTRY,IND,SEAR,YEAR,South-East Asia,SEX,SEX_FMLE,2019,AGEGROUP,AGEGROUP_YEARS15-19,,,,,10.6,10.60000038,,,India Sample Registration System,2025-05-06T16:35:10.26+02:00,2019,2019-01-01T00:00:00+01:00,2019-12-31T00:00:00+01:00
5464358,MDG_0000000003,COUNTRY,BGD,SEAR,YEAR,South-East Asia,SEX,SEX_FMLE,2011,AGEGROUP,AGEGROUP_YEARS10-14,,,,,4.9,4.866627216,,,Bangladesh 2019 Multiple Indicator Cluster Survey,2025-05-06T16:35:10.26+02:00,2011,2011-01-01T00:00:00+01:00,2011-12-31T00:00:00+01:00
5470199,MDG_0000000003,COUNTRY,EGY,EMR,YEAR,Eastern Mediterranean,SEX,SEX_FMLE,2011,AGEGROUP,AGEGROUP_YEARS10-14,,,,,0.5,0.533708632,,,Egypt 2014 Demographic and Health Survey,2025-05-06T16:35:10.26+02:00,2011,2011-01-01T00:00:00+01:00,2011-12-31T00:00:00+01:00
5472999,MDG_0000000003,COUNTRY,KOR,WPR,YEAR,Western Pacific,SEX,SEX_FMLE,2010,AGEGROUP,AGEGROUP_YEARS10-14,,,,,0,0.0,,,Registration National Statistics & WPP2024,2025-05-06T16:35:10.26+02:00,2010,2010-01-01T00:00:00+01:00,2010-12-31T00:00:00+01:00
5509091,MDG_0000000003,COUNTRY,COL,AMR,YEAR,Americas,SEX,SEX_FMLE,2018,AGEGROUP,AGEGROUP_YEARS10-14,,,,,2.8,2.807258606,,,Registration National Statistics & WPP2024,2025-05-06T16:35:10.26+02:00,2018,2018-01-01T00:00:00+01:00,2018-12-31T00:00:00+01:00
5574127,MDG_0000000003,COUNTRY,AFG,EMR,YEAR,Eastern Mediterranean,SEX,SEX_FMLE,2013,AGEGROUP,AGEGROUP_YEARS10-14,,,,,0.9,0.917477071,,,Afghanistan 2015 Demographic and Health Survey,2025-05-06T16:35:10.26+02:00,2013,2013-01-01T00:00:00+01:00,2013-12-31T00:00:00+01:00
5596984,MDG_0000000003,COUNTRY,IND,SEAR,YEAR,South-East Asia,SEX,SEX_FMLE,2013,AGEGROUP,AGEGROUP_YEARS15-19,,,,,28.1,28.13318443,,,India Sample Registration System,2025-05-06T16:35:10.26+02:00,2013,2013-01-01T00:00:00+01:00,2013-12-31T00:00:00+01:00
5605955,MDG_0000000003,COUNTRY,THA,SEAR,YEAR,South-East Asia,SEX,SEX_FMLE,2010,AGEGROUP,AGEGROUP_YEARS10-14,,,,,0,0.0,,,Registration National Statistics & WPP2024,2025-05-06T16:35:10.26+02:00,2010,2010-01-01T00:00:00+01:00,2010-12-31T00:00:00+01:00
5616529,MDG_0000000003,COUNTRY,PHL,WPR,YEAR,Western Pacific,SEX,SEX_FMLE,2017,AGEGROUP,AGEGROUP_YEARS15-19,,,,,47.0,47.0,,,Philippines 2017 Demographic and Health Survey,2025-05-06T16:35:10.26+02:00,2017,2017-01-01T00:00:00+01:00,2017-12-31T00:00:00+01:00
5618144,MDG_0000000003,COUNTRY,BGD,SEAR,YEAR,South-East Asia,SEX,SEX_FMLE,2011,AGEGROUP,AGEGROUP_YEARS15-19,,,,,111.7,111.671051,,,Bangladesh 2019 Multiple Indicator Cluster Survey,2025-05-06T16:35:10.26+02:00,2011,2011-01-01T00:00:00+01:00,2011-12-31T00:00:00+01:00
5622484,MDG_0000000003,COUNTRY,KOR,WPR,YEAR,Western Pacific,SEX,SEX_FMLE,2016,AGEGROUP,AGEGROUP_YEARS15-19,,,,,1.3,1.299999952,,,Registration National Statistics,2025-05-06T16:35:10.26+02:00,2016,2016-01-01T00:00:00+01:00,2016-12-31T00:00:00+01:00
5631037,MDG_0000000003,COUNTRY,BRA,AMR,YEAR,Americas,SEX,SEX_FMLE,2011,AGEGROUP,AGEGROUP_YEARS15-19,,,,,64.2,64.17591095,,,Registration National Statistics & WPP2024,2025-05-06T16:35:10.26+02:00,2011,2011-01-01T00:00:00+01:00,2011-12-31T00:00:00+01:00
5650490,MDG_0000000003,COUNTRY,MEX,AMR,YEAR,Americas,SEX,SEX_FMLE,2012,AGEGROUP,AGEGROUP_YEARS10-14,,,,,1.7,1.670676351,,,Registration National Statistics & WPP2024,2025-05-06T16:35:10.26+02:00,2012,2012-01-01T00:00:00+01:00,2012-12-31T00:00:00+01:00
5696630,MDG_0000000003,COUNTRY,KEN,AFR,YEAR,Africa,SEX,SEX_FMLE,2020,AGEGROUP,AGEGROUP_YEARS15-19,,,,,43.6,43.58792877,,,Registration National Statistics & WPP2024,2025-05-06T16:35:10.26+02:00,2020,2020-01-01T00:00:00+01:00,2020-12-31T00:00:00+01:00
5780582,MDG_0000000003,COUNTRY,PHL,WPR,YEAR,Western Pacific,SEX,SEX_FMLE,2021,AGEGROUP,AGEGROUP_YEARS10-14,,,,,0.4,0.40466103,,,Registration National Statistics & WPP2024,2025-05-06T16:35:10.26+02:00,2021,2021-01-01T00:00:00+01:00,2021-12-31T00:00:00+01:00
5792093,MDG_0000000003,COUNTRY,THA,SEAR,YEAR,South-East Asia,SEX,SEX_FMLE,2015,AGEGROUP,AGEGROUP_YEARS15-19,,,,,44.8,44.79999924,,,Registration National Statistics,2025-05-06T16:35:10.26+02:00,2015,2015-01-01T00:00:00+01:00,2015-12-31T00:00:00+01:00
5799156,MDG_0000000003,COUNTRY,THA,SEAR,YEAR,South-East Asia,SEX,SEX_FMLE,2019,AGEGROUP,AGEGROUP_YEARS10-14,,,,,0,0.0,,,Registration National Statistics & WPP2024,2025-05-06T16:35:10.26+02:00,2019,2019-01-01T00:00:00+01:00,2019-12-31T00:00:00+01:00
5817388,MDG_0000000003,COUNTRY,TUR,EUR,YEAR,Europe,SEX,SEX_FMLE,2021,AGEGROUP,AGEGROUP_YEARS15-19,,,,,13.0,13.0,,,0,2025-05-06T16:35:10.26+02:00,2021,2021-01-01T00:00:00+01:00,2021-12-31T00:00:00+01:00
5823462,MDG_0000000003,COUNTRY,BRA,AMR,YEAR,Americas,SEX,SEX_FMLE,2020,AGEGROUP,AGEGROUP_YEARS10-14,,,,,2.4,2.421304226,,,Registration National Statistics & WPP2024,2025-05-06T16:35:10.26+02:00,2020,2020-01-01T00:00:00+01:00,2020-12-31T00:00:00+01:00
5845697,MDG_0000000003,COUNTRY,ZAF,AFR,YEAR,Africa,SEX,SEX_FMLE,2021,AGEGROUP,AGEGROUP_YEARS15-19,,,,,47.5,47.50669479,,,Registration National Statistics & WPP2024,2025-05-06T16:35:10.26+02:00,2021,2021-01-01T00:00:00+01:00,2021-12-31T00:00:00+01:00
5845700,MDG_0000000003,COUNTRY,KEN,AFR,YEAR,Africa,SEX,SEX_FMLE,2012,AGEGROUP,AGEGROUP_YEARS10-14,,,,,2.1,2.067003012,,,Kenya 2014 Demographic and Health Survey,2025-05-06T16:35:10.26+02:00,2012,2012-01-01T00:00:00+01:00,2012-12-31T00:00:00+01:00
5858707,MDG_0000000003,COUNTRY,THA,SEAR,YEAR,South-East Asia,SEX,SEX_FMLE,2011,AGEGROUP,AGEGROUP_YEARS10-14,,,,,0,0.0,,,Registration National Statistics & WPP2024,2025-05-06T16:35:10.26+02:00,2011,2011-01-01T00:00:00+01:00,2011-12-31T00:00:00+01:00
5905102,MDG_0000000003,COUNTRY,TUR,EUR,YEAR,Europe,SEX,SEX_FMLE,2019,AGEGROUP,AGEGROUP_YEARS10-14,,,,,0.1,0.050000001,,,Registration Eurostat,2025-05-06T16:35:10.26+02:00,2019,2019-01-01T00:00:00+01:00,2019-12-31T00:00:00+01:00
5925225,MDG_0000000003,COUNTRY,MDG,AFR,YEAR,Africa,SEX,SEX_FMLE,2017,AGEGROUP,AGEGROUP_YEARS15-19,,,,,150.8,150.7654266,,,Madagascar 2018 Multiple Indicator Cluster Survey,2025-05-06T16:35:10.26+02:00,2017,2017-01-01T00:00:00+01:00,2017-12-31T00:00:00+01:00
5928789,MDG_0000000003,COUNTRY,SGP,WPR,YEAR,Western Pacific,SEX,SEX_FMLE,2015,AGEGROUP,AGEGROUP_YEARS10-14,,,,,0.1,0.111237772,,,Registration National Statistics & WPP2024,2025-05-06T16:35:10.26+02:00,2015,2015-01-01T00:00:00+01:00,2015-12-31T00:00:00+01:00
5932725,MDG_0000000003,COUNTRY,CHL,AMR,YEAR,Americas,SEX,SEX_FMLE,2012,AGEGROUP,AGEGROUP_YEARS10-14,,,,,1.4,1.418861628,,,Registration National Statistics & WPP2024,2025-05-06T16:35:10.26+02:00,2012,2012-01-01T00:00:00+01:00,2012-12-31T00:00:00+01:00
5934678,MDG_0000000003,COUNTRY,SGP,WPR,YEAR,Western Pacific,SEX,SEX_FMLE,2019,AGEGROUP,AGEGROUP_YEARS10-14,,,,,0,0.0,,,Registration National Statistics & WPP2024,2025-05-06T16:35:10.26+02:00,2019,2019-01-01T00:00:00+01:00,2019-12-31T00:00:00+01:00
5937884,MDG_0000000003,COUNTRY,IND,SEAR,YEAR,South-East Asia,SEX,SEX_FMLE,2013,AGEGROUP,AGEGROUP_YEARS10-14,,,,,0,0.0,,,India 2015-2016 Demographic and Health Survey,2025-05-06T16:35:10.26+02:00,2013,2013-01-01T00:00:00+01:00,2013-12-31T00:00:00+01:00
5939686,MDG_0000000003,COUNTRY,KOR,WPR,YEAR,Western Pacific,SEX,SEX_FMLE,2019,AGEGROUP,AGEGROUP_YEARS15-19,,,,,0.8,0.845762193,,,Registration National Statistics & WPP2024,2025-05-06T16:35:10.26+02:00,2019,2019-01-01T00:00:00+01:00,2019-12-31T00:00:00+01:00
5945913,MDG_0000000003,COUNTRY,MEX,AMR,YEAR,Americas,SEX,SEX_FMLE,2020,AGEGROUP,AGEGROUP_YEARS15-19,,,,,42.8,42.8264122,,,Registration National Statistics & WPP2024,2025-05-06T16:35:10.26+02:00,2020,2020-01-01T00:00:00+01:00,2020-12-31T00:00:00+01:00
5957984,MDG_0000000003,COUNTRY,KOR,WPR,YEAR,Western Pacific,SEX,SEX_FMLE,2013,AGEGROUP,AGEGROUP_YEARS10-14,,,,,0,0.0,,,Registration National Statistics & WPP2024,2025-05-06T16:35:10.26+02:00,2013,2013-01-01T00:00:00+01:00,2013-12-31T00:00:00+01:00
5981627,MDG_0000000003,COUNTRY,JPN,WPR,YEAR,Western Pacific,SEX,SEX_FMLE,2019,AGEGROUP,AGEGROUP_YEARS10-14,,,,,0,0.0,,,Registration National Statistics & WPP2024,2025-05-06T16:35:10.26+02:00,2019,2019-01-01T00:00:00+01:00,2019-12-31T00:00:00+01:00
6000576,MDG_0000000003,COUNTRY,COL,AMR,YEAR,Americas,SEX,SEX_FMLE,2021,AGEGROUP,AGEGROUP_YEARS10-14,,,,,2.6,2.618776798,,,Registration National Statistics & WPP2024,2025-05-06T16:35:10.26+02:00,2021,2021-01-01T00:00:00+01:00,2021-12-31T00:00:00+01:00
6048218,MDG_0000000003,COUNTRY,THA,SEAR,YEAR,South-East Asia,SEX,SEX_FMLE,2016,AGEGROUP,AGEGROUP_YEARS15-19,,,,,42.5,42.5,,,Registration National Statistics,2025-05-06T16:35:10.26+02:00,2016,2016-01-01T00:00:00+01:00,2016-12-31T00:00:00+01:00
6076817,MDG_0000000003,COUNTRY,COL,AMR,YEAR,Americas,SEX,SEX_FMLE,2013,AGEGROUP,AGEGROUP_YEARS15-19,,,,,77.2,77.22853088,,,Colombia 2015 Demographic and Health Survey,2025-05-06T16:35:10.26+02:00,2013,2013-01-01T00:00:00+01:00,2013-12-31T00:00:00+01:00
6077434,MDG_0000000003,COUNTRY,MEX,AMR,YEAR,Americas,SEX,SEX_FMLE,2010,AGEGROUP,AGEGROUP_YEARS15-19,,,,,79.0,78.97051239,,,Registration National Statistics & WPP2024,2025-05-06T16:35:10.26+02:00,2010,2010-01-01T00:00:00+01:00,2010-12-31T00:00:00+01:00
6088069,MDG_0000000003,COUNTRY,TUR,EUR,YEAR,Europe,SEX,SEX_FMLE,2019,AGEGROUP,AGEGROUP_YEARS15-19,,,,,17.3,17.32999992,,,Registration Eurostat,2025-05-06T16:35:10.26+02:00,2019,2019-01-01T00:00:00+01:00,2019-12-31T00:00:00+01:00
6090825,MDG_0000000003,COUNTRY,BRA,AMR,YEAR,Americas,SEX,SEX_FMLE,2020,AGEGROUP,AGEGROUP_YEARS15-19,,,,,47.1,47.05467606,,,Registration National Statistics & WPP2024,2025-05-06T16:35:10.26+02:00,2020,2020-01-01T00:00:00+01:00,2020-12-31T00:00:00+01:00
6112730,MDG_0000000003,COUNTRY,UGA,AFR,YEAR,Africa,SEX,SEX_FMLE,2014,AGEGROUP,AGEGROUP_YEARS10-14,,,,,2.4,2.38136816,,,Uganda 2016 Demographic and Health Survey,2025-05-06T16:35:10.26+02:00,2014,2014-01-01T00:00:00+01:00,2014-12-31T00:00:00+01:00
6123543,MDG_0000000003,COUNTRY,POL,EUR,YEAR,Europe,SEX,SEX_FMLE,2019,AGEGROUP,AGEGROUP_YEARS15-19,,,,,9.4,9.399999619,,,Registration Eurostat,2025-05-06T16:35:10.26+02:00,2019,2019-01-01T00:00:00+01:00,2019-12-31T00:00:00+01:00
6133134,MDG_0000000003,COUNTRY,BGD,SEAR,YEAR,South-East Asia,SEX,SEX_FMLE,2013,AGEGROUP,AGEGROUP_YEARS15-19,,,,,113.0,113.0,,,Bangladesh 2014 Demographic and Health Survey,2025-05-06T16:35:10.26+02:00,2013,2013-01-01T00:00:00+01:00,2013-12-31T00:00:00+01:00
6143148,MDG_0000000003,COUNTRY,NGA,AFR,YEAR,Africa,SEX,SEX_FMLE,2010,AGEGROUP,AGEGROUP_YEARS15-19,,,,,123.1,123.1386871,,,Nigeria 2013 Demographic and Health Survey,2025-05-06T16:35:10.26+02:00,2010,2010-01-01T00:00:00+01:00,2010-12-31T00:00:00+01:00
6149984,MDG_0000000003,COUNTRY,NGA,AFR,YEAR,Africa,SEX,SEX_FMLE,2011,AGEGROUP,AGEGROUP_YEARS15-19,,,,,140.5,140.5444946,,,Nigeria 2018 Demographic and Health Survey,2025-05-06T16:35:10.26+02:00,2011,2011-01-01T00:00:00+01:00,2011-12-31T00:00:00+01:00
6164145,MDG_0000000003,COUNTRY,ZAF,AFR,YEAR,Africa,SEX,SEX_FMLE,2012,AGEGROUP,AGEGROUP_YEARS10-14,,,,,1.0,1.035861611,,,South Africa 2016 Demographic and Health Survey,2025-05-06T16:35:10.26+02:00,2012,2012-01-01T00:00:00+01:00,2012-12-31T00:00:00+01:00
6197969,MDG_0000000003,COUNTRY,BGD,SEAR,YEAR,South-East Asia,SEX,SEX_FMLE,2021,AGEGROUP,AGEGROUP_YEARS10-14,,,,,0,0.0,,,Registration National Statistics & WPP2024,2025-05-06T16:35:10.26+02:00,2021,2021-01-01T00:00:00+01:00,2021-12-31T00:00:00+01:00
6236004,MDG_0000000003,COUNTRY,PHL,WPR,YEAR,Western Pacific,SEX,SEX_FMLE,2018,AGEGROUP,AGEGROUP_YEARS10-14,,,,,0.4,0.40556109,,,Registration National Statistics & WPP2024,2025-05-06T16:35:10.26+02:00,2018,2018-01-01T00:00:00+01:00,2018-12-31T00:00:00+01:00
6276506,MDG_0000000003,COUNTRY,MDG,AFR,YEAR,Africa,SEX,SEX_FMLE,2011,AGEGROUP,AGEGROUP_YEARS10-14,,,,,16.7,16.74299049,,,Madagascar 2018 Multiple Indicator Cluster Survey,2025-05-06T16:35:10.26+02:00,2011,2011-01-01T00:00:00+01:00,2011-12-31T00:00:00+01:00
6293760,MDG_0000000003,COUNTRY,IND,SEAR,YEAR,South-East Asia,SEX,SEX_FMLE,2011,AGEGROUP,AGEGROUP_YEARS15-19,,,,,30.7,30.70000076,,,India Sample Registration System,2025-05-06T16:35:10.26+02:00,2011,2011-01-01T00:00:00+01:00,2011-12-31T00:00:00+01:00
6302588,MDG_0000000003,COUNTRY,POL,EUR,YEAR,Europe,SEX,SEX_FMLE,2020,AGEGROUP,AGEGROUP_YEARS15-19,,,,,8.1,8.149999619,,,Registration Eurostat,2025-05-06T16:35:10.26+02:00,2020,2020-01-01T00:00:00+01:00,2020-12-31T00:00:00+01:00
6322808,MDG_0000000003,COUNTRY,ZAF,AFR,YEAR,Africa,SEX,SEX_FMLE,2020,AGEGROUP,AGEGROUP_YEARS15-19,,,,,41.4,41.38555145,,,Registration National Statistics & WPP2024,2025-05-06T16:35:10.26+02:00,2020,2020-01-01T00:00:00+01:00,2020-12-31T00:00:00+01:00
6355248,MDG_0000000003,COUNTRY,POL,EUR,YEAR,Europe,SEX,SEX_FMLE,2022,AGEGROUP,AGEGROUP_YEARS10-14,,,,,0.0,0.039999999,,,Registration Eurostat,2025-05-06T16:35:10.26+02:00,2022,2022-01-01T00:00:00+01:00,2022-12-31T00:00:00+01:00
6359398,MDG_0000000003,COUNTRY,NGA,AFR,YEAR,Africa,SEX,SEX_FMLE,2012,AGEGROUP,AGEGROUP_YEARS10-14,,,,,9.9,9.931135178,,,Nigeria 2016-2017 Multiple Indicator Cluster Survey,2025-05-06T16:35:10.26+02:00,2012,2012-01-01T00:00:00+01:00,2012-12-31T00:00:00+01:00
6365697,MDG_0000000003,COUNTRY,KOR,WPR,YEAR,Western Pacific,SEX,SEX_FMLE,2020,AGEGROUP,AGEGROUP_YEARS15-19,,,,,0.7,0.744045973,,,Registration National Statistics & WPP2024,2025-05-06T16:35:10.26+02:00,2020,2020-01-01T00:00:00+01:00,2020-12-31T00:00:00+01:00
6369755,MDG_0000000003,COUNTRY,EGY,EMR,YEAR,Eastern Mediterranean,SEX,SEX_FMLE,2022,AGEGROUP,AGEGROUP_YEARS15-19,,,,,37.1,37.11891556,,,Registration National Statistics & WPP2024,2025-05-06T16:35:10.26+02:00,2022,2022-01-01T00:00:00+01:00,2022-12-31T00:00:00+01:00
6376148,MDG_0000000003,COUNTRY,POL,EUR,YEAR,Europe,SEX,SEX_FMLE,2010,AGEGROUP,AGEGROUP_YEARS15-19,,,,,15.3,15.26000023,,,Registration Eurostat,2025-05-06T16:35:10.26+02:00,2010,2010-01-01T00:00:00+01:00,2010-12-31T00:00:00+01:00
6377800,MDG_0000000003,COUNTRY,CHL,AMR,YEAR,Americas,SEX,SEX_FMLE,2020,AGEGROUP,AGEGROUP_YEARS10-14,,,,,0.4,0.380439758,,,Registration National Statistics & WPP2024,2025-05-06T16:35:10.26+02:00,2020,2020-01-01T00:00:00+01:00,2020-12-31T00:00:00+01:00
6388191,MDG_0000000003,COUNTRY,PAK,EMR,YEAR,Eastern Mediterranean,SEX,SEX_FMLE,2011,AGEGROUP,AGEGROUP_YEARS10-14,,,,,0.0,0.032738846,,,Pakistan 2012-2013 Demographic and Health Survey,2025-05-06T16:35:10.26+02:00,2011,2011-01-01T00:00:00+01:00,2011-12-31T00:00:00+01:00
6404023,MDG_0000000003,COUNTRY,MDG,AFR,YEAR,Africa,SEX,SEX_FMLE,2014,AGEGROUP,AGEGROUP_YEARS15-19,,,,,148.8,148.7673492,,,Madagascar 2018 Multiple Indicator Cluster Survey,2025-05-06T16:35:10.26+02:00,2014,2014-01-01T00:00:00+01:00,2014-12-31T00:00:00+01:00
6448180,MDG_0000000003,COUNTRY,THA,SEAR,YEAR,South-East Asia,SEX,SEX_FMLE,2010,AGEGROUP,AGEGROUP_YEARS15-19,,,,,50.1,50.09999847,,,Registration National Statistics,2025-05-06T16:35:10.26+02:00,2010,2010-01-01T00:00:00+01:00,2010-12-31T00:00:00+01:00
6453785,MDG_0000000003,COUNTRY,GHA,AFR,YEAR,Africa,SEX,SEX_FMLE,2017,AGEGROUP,AGEGROUP_YEARS10-14,,,,,0.9,0.864289761,,,Ghana 2019 Malaria Indicators Survey,2025-05-06T16:35:10.26+02:00,2017,2017-01-01T00:00:00+01:00,2017-12-31T00:00:00+01:00
6460180,MDG_0000000003,COUNTRY,JPN,WPR,YEAR,Western Pacific,SEX,SEX_FMLE,2020,AGEGROUP,AGEGROUP_YEARS15-19,,,,,2.4,2.416657686,,,Registration National Statistics & WPP2024,2025-05-06T16:35:10.26+02:00,2020,2020-01-01T00:00:00+01:00,2020-12-31T00:00:00+01:00
6461456,MDG_0000000003,COUNTRY,BGD,SEAR,YEAR,South-East Asia,SEX,SEX_FMLE,2022,AGEGROUP,AGEGROUP_YEARS15-19,,,,,69.7,69.71321106,,,Registration National Statistics & WPP2024,2025-05-06T16:35:10.26+02:00,2022,2022-01-01T00:00:00+01:00,2022-12-31T00:00:00+01:00
6483180,MDG_0000000003,COUNTRY,PHL,WPR,YEAR,Western Pacific,SEX,SEX_FMLE,2013,AGEGROUP,AGEGROUP_YEARS10-14,,,,,1.4,1.412284613,,,Philippines 2017 Demographic and Health Survey,2025-05-06T16:35:10.26+02:00,2013,2013-01-01T00:00:00+01:00,2013-12-31T00:00:00+01:00
6513362,MDG_0000000003,COUNTRY,THA,SEAR,YEAR,South-East Asia,SEX,SEX_FMLE,2018,AGEGROUP,AGEGROUP_YEARS10-14,,,,,0,0.0,,,Registration National Statistics & WPP2024,2025-05-06T16:35:10.26+02:00,2018,2018-01-01T00:00:00+01:00,2018-12-31T00:00:00+01:00
6514339,MDG_0000000003,COUNTRY,NGA,AFR,YEAR,Africa,SEX,SEX_FMLE,2012,AGEGROUP,AGEGROUP_YEARS15-19,,,,,140.3,140.3282013,,,Nigeria 2016-2017 Multiple Indicator Cluster Survey,2025-05-06T16:35:10.26+02:00,2012,2012-01-01T00:00:00+01:00,2012-12-31T00:00:00+01:00
6516355,MDG_0000000003,COUNTRY,GHA,AFR,YEAR,Africa,SEX,SEX_FMLE,2010,AGEGROUP,AGEGROUP_YEARS10-14,,,,,4.3,4.260137081,,,Ghana 2017 Maternal Health Survey,2025-05-06T16:35:10.26+02:00,2010,2010-01-01T00:00:00+01:00,2010-12-31T00:00:00+01:00
6529139,MDG_0000000003,COUNTRY,SGP,WPR,YEAR,Western Pacific,SEX,SEX_FMLE,2016,AGEGROUP,AGEGROUP_YEARS15-19,,,,,2.4,2.408486366,,,Registration National Statistics & WPP2024,2025-05-06T16:35:10.26+02:00,2016,2016-01-01T00:00:00+01:00,2016-12-31T00:00:00+01:00
6538719,MDG_0000000003,COUNTRY,NGA,AFR,YEAR,Africa,SEX,SEX_FMLE,2020,AGEGROUP,AGEGROUP_YEARS15-19,,,,,74.6,74.62902832,,,Nigeria 2021 Multiple Indicator Cluster Survey,2025-05-06T16:35:10.26+02:00,2020,2020-01-01T00:00:00+01:00,2020-12-31T00:00:00+01:00
6543617,MDG_0000000003,COUNTRY,POL,EUR,YEAR,Europe,SEX,SEX_FMLE,2011,AGEGROUP,AGEGROUP_YEARS10-14,,,,,0.1,0.050000001,,,Registration Eurostat,2025-05-06T16:35:10.26+02:00,2011,2011-01-01T00:00:00+01:00,2011-12-31T00:00:00+01:00
6579267,MDG_0000000003,COUNTRY,MEX,AMR,YEAR,Americas,SEX,SEX_FMLE,2014,AGEGROUP,AGEGROUP_YEARS10-14,,,,,1.6,1.562229633,,,Registration National Statistics & WPP2024,2025-05-06T16:35:10.26+02:00,2014,2014-01-01T00:00:00+01:00,2014-12-31T00:00:00+01:00
6605787,MDG_0000000003,COUNTRY,KEN,AFR,YEAR,Africa,SEX,SEX_FMLE,2010,AGEGROUP,AGEGROUP_YEARS10-14,,,,,3.6,3.560096741,,,Kenya 2014 Demographic and Health Survey,2025-05-06T16:35:10.26+02:00,2010,2010-01-01T00:00:00+01:00,2010-12-31T00:00:00+01:00
6633682,MDG_0000000003,COUNTRY,THA,SEAR,YEAR,South-East Asia,SEX,SEX_FMLE,2020,AGEGROUP,AGEGROUP_YEARS15-19,,,,,25.2,25.17557526,,,Registration National Statistics & WPP2024,2025-05-06T16:35:10.26+02:00,2020,2020-01-01T00:00:00+01:00,2020-12-31T00:00:00+01:00
6639071,MDG_0000000003,COUNTRY,CHN,WPR,YEAR,Western Pacific,SEX,SEX_FMLE,2020,AGEGROUP,AGEGROUP_YEARS15-19,,,,,6.1,6.070000172,,,China 2020 Census,2025-05-06T16:35:10.26+02:00,2020,2020-01-01T00:00:00+01:00,2020-12-31T00:00:00+01:00
6661495,MDG_0000000003,COUNTRY,NGA,AFR,YEAR,Africa,SEX,SEX_FMLE,2017,AGEGROUP,AGEGROUP_YEARS10-14,,,,,4.3,4.321321487,,,Nigeria 2021 Multiple Indicator Cluster Survey,2025-05-06T16:35:10.26+02:00,2017,2017-01-01T00:00:00+01:00,2017-12-31T00:00:00+01:00
6665565,MDG_0000000003,COUNTRY,JPN,WPR,YEAR,Western Pacific,SEX,SEX_FMLE,2015,AGEGROUP,AGEGROUP_YEARS10-14,,,,,0,0.0,,,Registration National Statistics & WPP2024,2025-05-06T16:35:10.26+02:00,2015,2015-01-01T00:00:00+01:00,2015-12-31T00:00:00+01:00
6684061,MDG_0000000003,COUNTRY,IDN,WPR,YEAR,Western Pacific,SEX,SEX_FMLE,2015,AGEGROUP,AGEGROUP_YEARS15-19,,,,,39.9,39.92008591,,,Indonesia 2017 Demographic and Health Survey,2025-05-06T16:35:10.26+02:00,2015,2015-01-01T00:00:00+01:00,2015-12-31T00:00:00+01:00
6697178,MDG_0000000003,COUNTRY,GHA,AFR,YEAR,Africa,SEX,SEX_FMLE,2015,AGEGROUP,AGEGROUP_YEARS15-19,,,,,76.4,76.41703033,,,Ghana 2017 Maternal Health Survey,2025-05-06T16:35:10.26+02:00,2015,2015-01-01T00:00:00+01:00,2015-12-31T00:00:00+01:00
6738508,MDG_0000000003,COUNTRY,ZAF,AFR,YEAR,Africa,SEX,SEX_FMLE,2014,AGEGROUP,AGEGROUP_YEARS10-14,,,,,1.0,1.035254478,,,South Africa 2016 Demographic and Health Survey,2025-05-06T16:35:10.26+02:00,2014,2014-01-01T00:00:00+01:00,2014-12-31T00:00:00+01:00
6748782,MDG_0000000003,COUNTRY,BGD,SEAR,YEAR,South-East Asia,SEX,SEX_FMLE,2014,AGEGROUP,AGEGROUP_YEARS10-14,,,,,3.0,3.044312239,,,Bangladesh 2019 Multiple Indicator Cluster Survey,2025-05-06T16:35:10.26+02:00,2014,2014-01-01T00:00:00+01:00,2014-12-31T00:00:00+01:00
6749752,MDG_0000000003,COUNTRY,RWA,AFR,YEAR,Africa,SEX,SEX_FMLE,2011,AGEGROUP,AGEGROUP_YEARS15-19,,,,,48.5,48.51349258,,,Rwanda 2013 Malaria Indicators Survey,2025-05-06T16:35:10.26+02:00,2011,2011-01-01T00:00:00+01:00,2011-12-31T00:00:00+01:00
6750182,MDG_0000000003,COUNTRY,MDG,AFR,YEAR,Africa,SEX,SEX_FMLE,2016,AGEGROUP,AGEGROUP_YEARS10-14,,,,,9.9,9.898493767,,,Madagascar 2018 Multiple Indicator Cluster Survey,2025-05-06T16:35:10.26+02:00,2016,2016-01-01T00:00:00+01:00,2016-12-31T00:00:00+01:00
6789271,MDG_0000000003,COUNTRY,IDN,WPR,YEAR,Western Pacific,SEX,SEX_FMLE,2011,AGEGROUP,AGEGROUP_YEARS10-14,,,,,0.3,0.264736444,,,Indonesia 2012 Demography and Health Survey (National),2025-05-06T16:35:10.26+02:00,2011,2011-01-01T00:00:00+01:00,2011-12-31T00:00:00+01:00
6843171,MDG_0000000003,COUNTRY,POL,EUR,YEAR,Europe,SEX,SEX_FMLE,2021,AGEGROUP,AGEGROUP_YEARS15-19,,,,,6.8,6.789999962,,,Registration Eurostat,2025-05-06T16:35:10.26+02:00,2021,2021-01-01T00:00:00+01:00,2021-12-31T00:00:00+01:00
6867969,MDG_0000000003,COUNTRY,NGA,AFR,YEAR,Africa,SEX,SEX_FMLE,2020,AGEGROUP,AGEGROUP_YEARS10-14,,,,,1.9,1.86640656,,,Nigeria 2021 Multiple Indicator Cluster Survey,2025-05-06T16:35:10.26+02:00,2020,2020-01-01T00:00:00+01:00,2020-12-31T00:00:00+01:00
6911789,MDG_0000000003,COUNTRY,BRA,AMR,YEAR,Americas,SEX,SEX_FMLE,2015,AGEGROUP,AGEGROUP_YEARS15-19,,,,,62.5,62.54595947,,,Registration National Statistics & WPP2024,2025-05-06T16:35:10.26+02:00,2015,2015-01-01T00:00:00+01:00,2015-12-31T00:00:00+01:00
6930939,MDG_0000000003,COUNTRY,TUR,EUR,YEAR,Europe,SEX,SEX_FMLE,2010,AGEGROUP,AGEGROUP_YEARS15-19,,,,,32.0,32.00999832,,,Registration Eurostat,2025-05-06T16:35:10.26+02:00,2010,2010-01-01T00:00:00+01:00,2010-12-31T00:00:00+01:00
6941147,MDG_0000000003,COUNTRY,JPN,WPR,YEAR,Western Pacific,SEX,SEX_FMLE,2017,AGEGROUP,AGEGROUP_YEARS10-14,,,,,0,0.0,,,Registration National Statistics & WPP2024,2025-05-06T16:35:10.26+02:00,2017,2017-01-01T00:00:00+01:00,2017-12-31T00:00:00+01:00
6946169,MDG_0000000003,COUNTRY,KOR,WPR,YEAR,Western Pacific,SEX,SEX_FMLE,2022,AGEGROUP,AGEGROUP_YEARS15-19,,,,,0.4,0.400000006,,,Registration National Statistics,2025-05-06T16:35:10.26+02:00,2022,2022-01-01T00:00:00+01:00,2022-12-31T00:00:00+01:00
6964518,MDG_0000000003,COUNTRY,KOR,WPR,YEAR,Western Pacific,SEX,SEX_FMLE,2020,AGEGROUP,AGEGROUP_YEARS10-14,,,,,0,0.0,,,Registration National Statistics & WPP2024,2025-05-06T16:35:10.26+02:00,2020,2020-01-01T00:00:00+01:00,2020-12-31T00:00:00+01:00
6965029,MDG_0000000003,COUNTRY,POL,EUR,YEAR,Europe,SEX,SEX_FMLE,2014,AGEGROUP,AGEGROUP_YEARS10-14,,,,,0.1,0.059999999,,,Registration Eurostat,2025-05-06T16:35:10.26+02:00,2014,2014-01-01T00:00:00+01:00,2014-12-31T00:00:00+01:00
7032852,MDG_0000000003,COUNTRY,MDG,AFR,YEAR,Africa,SEX,SEX_FMLE,2018,AGEGROUP,AGEGROUP_YEARS10-14,,,,,9.9,9.919211388,,,Madagascar 2021 Demographic and Health Survey,2025-05-06T16:35:10.26+02:00,2018,2018-01-01T00:00:00+01:00,2018-12-31T00:00:00+01:00
7061146,MDG_0000000003,COUNTRY,MEX,AMR,YEAR,Americas,SEX,SEX_FMLE,2011,AGEGROUP,AGEGROUP_YEARS10-14,,,,,1.6,1.619676232,,,Registration National Statistics & WPP2024,2025-05-06T16:35:10.26+02:00,2011,2011-01-01T00:00:00+01:00,2011-12-31T00:00:00+01:00
7072718,MDG_0000000003,COUNTRY,RWA,AFR,YEAR,Africa,SEX,SEX_FMLE,2010,AGEGROUP,AGEGROUP_YEARS10-14,,,,,0.0,3.69e-07,,,Rwanda 2014-2015 Demographic and Health Survey,2025-05-06T16:35:10.26+02:00,2010,2010-01-01T00:00:00+01:00,2010-12-31T00:00:00+01:00
7082801,MDG_0000000003,COUNTRY,GHA,AFR,YEAR,Africa,SEX,SEX_FMLE,2011,AGEGROUP,AGEGROUP_YEARS15-19,,,,,60.0,60.0,,,Ghana 2011 Multiple Indicator Cluster Survey,2025-05-06T16:35:10.26+02:00,2011,2011-01-01T00:00:00+01:00,2011-12-31T00:00:00+01:00
7103386,MDG_0000000003,COUNTRY,JPN,WPR,YEAR,Western Pacific,SEX,SEX_FMLE,2016,AGEGROUP,AGEGROUP_YEARS10-14,,,,,0,0.0,,,Registration National Statistics & WPP2024,2025-05-06T16:35:10.26+02:00,2016,2016-01-01T00:00:00+01:00,2016-12-31T00:00:00+01:00
7108438,MDG_0000000003,COUNTRY,PAK,EMR,YEAR,Eastern Mediterranean,SEX,SEX_FMLE,2015,AGEGROUP,AGEGROUP_YEARS15-19,,,,,46.7,46.65266418,,,Pakistan 2017-2018 Demographic and Health Survey,2025-05-06T16:35:10.26+02:00,2015,2015-01-01T00:00:00+01:00,2015-12-31T00:00:00+01:00
7111200,MDG_0000000003,COUNTRY,CHN,WPR,YEAR,Western Pacific,SEX,SEX_FMLE,2015,AGEGROUP,AGEGROUP_YEARS15-19,,,,,9.2,9.18999958,,,China 2015 One-percent Sample Survey,2025-05-06T16:35:10.26+02:00,2015,2015-01-01T00:00:00+01:00,2015-12-31T00:00:00+01:00
7121553,MDG_0000000003,COUNTRY,POL,EUR,YEAR,Europe,SEX,SEX_FMLE,2015,AGEGROUP,AGEGROUP_YEARS10-14,,,,,0.1,0.059999999,,,Registration Eurostat,2025-05-06T16:35:10.26+02:00,2015,2015-01-01T00:00:00+01:00,2015-12-31T00:00:00+01:00
7150094,MDG_0000000003,COUNTRY,BGD,SEAR,YEAR,South-East Asia,SEX,SEX_FMLE,2012,AGEGROUP,AGEGROUP_YEARS15-19,,,,,117.1,117.1037521,,,Bangladesh 2014 Demographic and Health Survey,2025-05-06T16:35:10.26+02:00,2012,2012-01-01T00:00:00+01:00,2012-12-31T00:00:00+01:00
7201565,MDG_0000000003,COUNTRY,KEN,AFR,YEAR,Africa,SEX,SEX_FMLE,2018,AGEGROUP,AGEGROUP_YEARS10-14,,,,,1.3,1.343888998,,,Registration National Statistics & WPP2024,2025-05-06T16:35:10.26+02:00,2018,2018-01-01T00:00:00+01:00,2018-12-31T00:00:00+01:00
7203008,MDG_0000000003,COUNTRY,RWA,AFR,YEAR,Africa,SEX,SEX_FMLE,2018,AGEGROUP,AGEGROUP_YEARS15-19,,,,,31.8,31.79157257,,,Rwanda 2019-2020 Demographic and Health Survey,2025-05-06T16:35:10.26+02:00,2018,2018-01-01T00:00:00+01:00,2018-12-31T00:00:00+01:00
7208415,MDG_0000000003,COUNTRY,SGP,WPR,YEAR,Western Pacific,SEX,SEX_FMLE,2015,AGEGROUP,AGEGROUP_YEARS15-19,,,,,2.7,2.700000048,,,Registration National Statistics,2025-05-06T16:35:10.26+02:00,2015,2015-01-01T00:00:00+01:00,2015-12-31T00:00:00+01:00
7217769,MDG_0000000003,COUNTRY,TUR,EUR,YEAR,Europe,SEX,SEX_FMLE,2012,AGEGROUP,AGEGROUP_YEARS15-19,,,,,29.6,29.62000084,,,Registration Eurostat,2025-05-06T16:35:10.26+02:00,2012,2012-01-01T00:00:00+01:00,2012-12-31T00:00:00+01:00
7286186,MDG_0000000003,COUNTRY,UGA,AFR,YEAR,Africa,SEX,SEX_FMLE,2012,AGEGROUP,AGEGROUP_YEARS10-14,,,,,2.6,2.568250656,,,Uganda 2014-2015 Malaria Indicators Survey,2025-05-06T16:35:10.26+02:00,2012,2012-01-01T00:00:00+01:00,2012-12-31T00:00:00+01:00
7286878,MDG_0000000003,COUNTRY,BRA,AMR,YEAR,Americas,SEX,SEX_FMLE,2021,AGEGROUP,AGEGROUP_YEARS15-19,,,,,45.6,45.59410477,,,Registration National Statistics & WPP2024,2025-05-06T16:35:10.26+02:00,2021,2021-01-01T00:00:00+01:00,2021-12-31T00:00:00+01:00
7299524,MDG_0000000003,COUNTRY,NGA,AFR,YEAR,Africa,SEX,SEX_FMLE,2010,AGEGROUP,AGEGROUP_YEARS10-14,,,,,4.1,4.070584774,,,Nigeria 2013 Demographic and Health Survey,2025-05-06T16:35:10.26+02:00,2010,2010-01-01T00:00:00+01:00,2010-12-31T00:00:00+01:00
7300714,MDG_0000000003,COUNTRY,GHA,AFR,YEAR,Africa,SEX,SEX_FMLE,2017,AGEGROUP,AGEGROUP_YEARS15-19,,,,,73.8,73.83238983,,,Ghana 2019 Malaria Indicators Survey,2025-05-06T16:35:10.26+02:00,2017,2017-01-01T00:00:00+01:00,2017-12-31T00:00:00+01:00
7321220,MDG_0000000003,COUNTRY,TUR,EUR,YEAR,Europe,SEX,SEX_FMLE,2010,AGEGROUP,AGEGROUP_YEARS10-14,,,,,0.1,0.109999999,,,Registration Eurostat,2025-05-06T16:35:10.26+02:00,2010,2010-01-01T00:00:00+01:00,2010-12-31T00:00:00+01:00
7328728,MDG_0000000003,COUNTRY,NGA,AFR,YEAR,Africa,SEX,SEX_FMLE,2017,AGEGROUP,AGEGROUP_YEARS15-19,,,,,106.5,106.4589691,,,Nigeria 2018 Demographic and Health Survey,2025-05-06T16:35:10.26+02:00,2017,2017-01-01T00:00:00+01:00,2017-12-31T00:00:00+01:00
7333498,MDG_0000000003,COUNTRY,RWA,AFR,YEAR,Africa,SEX,SEX_FMLE,2011,AGEGROUP,AGEGROUP_YEARS10-14,,,,,0.1,0.113720447,,,Rwanda 2013 Malaria Indicators Survey,2025-05-06T16:35:10.26+02:00,2011,2011-01-01T00:00:00+01:00,2011-12-31T00:00:00+01:00
7337678,MDG_0000000003,COUNTRY,JPN,WPR,YEAR,Western Pacific,SEX,SEX_FMLE,2021,AGEGROUP,AGEGROUP_YEARS10-14,,,,,0,0.0,,,Registration National Statistics & WPP2024,2025-05-06T16:35:10.26+02:00,2021,2021-01-01T00:00:00+01:00,2021-12-31T00:00:00+01:00
7345229,MDG_0000000003,COUNTRY,PHL,WPR,YEAR,Western Pacific,SEX,SEX_FMLE,2013,AGEGROUP,AGEGROUP_YEARS15-19,,,,,63.0,63.00838852,,,Philippines 2017 Demographic and Health Survey,2025-05-06T16:35:10.26+02:00,2013,2013-01-01T00:00:00+01:00,2013-12-31T00:00:00+01:00
7363428,MDG_0000000003,COUNTRY,PHL,WPR,YEAR,Western Pacific,SEX,SEX_FMLE,2012,AGEGROUP,AGEGROUP_YEARS15-19,,,,,57.1,57.11785126,,,Philippines 2013 Demographic and Health Survey,2025-05-06T16:35:10.26+02:00,2012,2012-01-01T00:00:00+01:00,2012-12-31T00:00:00+01:00
7379881,MDG_0000000003,COUNTRY,CHL,AMR,YEAR,Americas,SEX,SEX_FMLE,2015,AGEGROUP,AGEGROUP_YEARS15-19,,,,,40.6,40.59999847,,,Registration National Statistics,2025-05-06T16:35:10.26+02:00,2015,2015-01-01T00:00:00+01:00,2015-12-31T00:00:00+01:00
7421003,MDG_0000000003,COUNTRY,TUR,EUR,YEAR,Europe,SEX,SEX_FMLE,2022,AGEGROUP,AGEGROUP_YEARS10-14,,,,,0.1,0.050000001,,,Registration Eurostat,2025-05-06T16:35:10.26+02:00,2022,2022-01-01T00:00:00+01:00,2022-12-31T00:00:00+01:00
7422374,MDG_0000000003,COUNTRY,GHA,AFR,YEAR,Africa,SEX,SEX_FMLE,2015,AGEGROUP,AGEGROUP_YEARS10-14,,,,,1.9,1.907738566,,,Ghana 2017 Maternal Health Survey,2025-05-06T16:35:10.26+02:00,2015,2015-01-01T00:00:00+01:00,2015-12-31T00:00:00+01:00
7425369,MDG_0000000003,COUNTRY,IND,SEAR,YEAR,South-East Asia,SEX,SEX_FMLE,2012,AGEGROUP,AGEGROUP_YEARS15-19,,,,,31.5,31.5,,,India Sample Registration System,2025-05-06T16:35:10.26+02:00,2012,2012-01-01T00:00:00+01:00,2012-12-31T00:00:00+01:00
7434954,MDG_0000000003,COUNTRY,COL,AMR,YEAR,Americas,SEX,SEX_FMLE,2011,AGEGROUP,AGEGROUP_YEARS10-14,,,,,2.7,2.728153944,,,Colombia 2015 Demographic and Health Survey,2025-05-06T16:35:10.26+02:00,2011,2011-01-01T00:00:00+01:00,2011-12-31T00:00:00+01:00
7447050,MDG_0000000003,COUNTRY,COL,AMR,YEAR,Americas,SEX,SEX_FMLE,2018,AGEGROUP,AGEGROUP_YEARS15-19,,,,,59.4,59.42454529,,,Registration National Statistics & WPP2024,2025-05-06T16:35:10.26+02:00,2018,2018-01-01T00:00:00+01:00,2018-12-31T00:00:00+01:00
7449280,MDG_0000000003,COUNTRY,BGD,SEAR,YEAR,South-East Asia,SEX,SEX_FMLE,2015,AGEGROUP,AGEGROUP_YEARS10-14,,,,,5.5,5.470936298,,,Bangladesh 2017-2018 Demographic and Health Survey,2025-05-06T16:35:10.26+02:00,2015,2015-01-01T00:00:00+01:00,2015-12-31T00:00:00+01:00
7467541,MDG_0000000003,COUNTRY,COL,AMR,YEAR,Americas,SEX,SEX_FMLE,2015,AGEGROUP,AGEGROUP_YEARS15-19,,,,,65.6,65.55351257,,,Registration National Statistics & WPP2024,2025-05-06T16:35:10.26+02:00,2015,2015-01-01T00:00:00+01:00,2015-12-31T00:00:00+01:00
7472975,MDG_0000000003,COUNTRY,THA,SEAR,YEAR,South-East Asia,SEX,SEX_FMLE,2021,AGEGROUP,AGEGROUP_YEARS10-14,,,,,0.8,0.810642362,,,Registration National Statistics & WPP2024,2025-05-06T16:35:10.26+02:00,2021,2021-01-01T00:00:00+01:00,2021-12-31T00:00:00+01:00
7475287,MDG_0000000003,COUNTRY,IND,SEAR,YEAR,South-East Asia,SEX,SEX_FMLE,2018,AGEGROUP,AGEGROUP_YEARS10-14,,,,,0.2,0.190132588,,,India 2019-2021 National Family Health Survey,2025-05-06T16:35:10.26+02:00,2018,2018-01-01T00:00:00+01:00,2018-12-31T00:00:00+01:00
7477004,MDG_0000000003,COUNTRY,KEN,AFR,YEAR,Africa,SEX,SEX_FMLE,2022,AGEGROUP,AGEGROUP_YEARS10-14,,,,,0.7,0.727698267,,,Registration National Statistics & WPP2024,2025-05-06T16:35:10.26+02:00,2022,2022-01-01T00:00:00+01:00,2022-12-31T00:00:00+01:00
7497179,MDG_0000000003,COUNTRY,TUR,EUR,YEAR,Europe,SEX,SEX_FMLE,2011,AGEGROUP,AGEGROUP_YEARS10-14,,,,,0.1,0.119999997,,,Registration Eurostat,2025-05-06T16:35:10.26+02:00,2011,2011-01-01T00:00:00+01:00,2011-12-31T00:00:00+01:00
7549034,MDG_0000000003,COUNTRY,SGP,WPR,YEAR,Western Pacific,SEX,SEX_FMLE,2014,AGEGROUP,AGEGROUP_YEARS15-19,,,,,3.3,3.299999952,,,Registration National Statistics,2025-05-06T16:35:10.26+02:00,2014,2014-01-01T00:00:00+01:00,2014-12-31T00:00:00+01:00
7576013,MDG_0000000003,COUNTRY,CHL,AMR,YEAR,Americas,SEX,SEX_FMLE,2019,AGEGROUP,AGEGROUP_YEARS10-14,,,,,0.5,0.487462789,,,Registration National Statistics & WPP2024,2025-05-06T16:35:10.26+02:00,2019,2019-01-01T00:00:00+01:00,2019-12-31T00:00:00+01:00
7576018,MDG_0000000003,COUNTRY,SGP,WPR,YEAR,Western Pacific,SEX,SEX_FMLE,2022,AGEGROUP,AGEGROUP_YEARS10-14,,,,,0.0,0.027446151,,,Registration National Statistics & WPP2024,2025-05-06T16:35:10.26+02:00,2022,2022-01-01T00:00:00+01:00,2022-12-31T00:00:00+01:00
7626582,MDG_0000000003,COUNTRY,AFG,EMR,YEAR,Eastern Mediterranean,SEX,SEX_FMLE,2014,AGEGROUP,AGEGROUP_YEARS10-14,,,,,0.2,0.213637874,,,Afghanistan 2015 Demographic and Health Survey,2025-05-06T16:35:10.26+02:00,2014,2014-01-01T00:00:00+01:00,2014-12-31T00:00:00+01:00
7666305,MDG_0000000003,COUNTRY,NGA,AFR,YEAR,Africa,SEX,SEX_FMLE,2015,AGEGROUP,AGEGROUP_YEARS10-14,,,,,5.5,5.474481106,,,Nigeria 2016-2017 Multiple Indicator Cluster Survey,2025-05-06T16:35:10.26+02:00,2015,2015-01-01T00:00:00+01:00,2015-12-31T00:00:00+01:00
7675379,MDG_0000000003,COUNTRY,TUR,EUR,YEAR,Europe,SEX,SEX_FMLE,2020,AGEGROUP,AGEGROUP_YEARS10-14,,,,,0.0,0.039999999,,,Registration Eurostat,2025-05-06T16:35:10.26+02:00,2020,2020-01-01T00:00:00+01:00,2020-12-31T00:00:00+01:00
7683529,MDG_0000000003,COUNTRY,SGP,WPR,YEAR,Western Pacific,SEX,SEX_FMLE,2021,AGEGROUP,AGEGROUP_YEARS10-14,,,,,0.1,0.080875248,,,Registration National Statistics & WPP2024,2025-05-06T16:35:10.26+02:00,2021,2021-01-01T00:00:00+01:00,2021-12-31T00:00:00+01:00
7711708,MDG_0000000003,COUNTRY,MEX,AMR,YEAR,Americas,SEX,SEX_FMLE,2015,AGEGROUP,AGEGROUP_YEARS15-19,,,,,65.4,65.44026184,,,Registration UNSD,2025-05-06T16:35:10.26+02:00,2015,2015-01-01T00:00:00+01:00,2015-12-31T00:00:00+01:00
7733775,MDG_0000000003,COUNTRY,BGD,SEAR,YEAR,South-East Asia,SEX,SEX_FMLE,2021,AGEGROUP,AGEGROUP_YEARS15-19,,,,,69.3,69.25035095,,,Registration National Statistics & WPP2024,2025-05-06T16:35:10.26+02:00,2021,2021-01-01T00:00:00+01:00,2021-12-31T00:00:00+01:00
